{
  "sol": {
    "z": 0.0,
    "tours": [
      [
        0
      ],
      [
        1
      ],
      [
        2
      ],
      [
        3
      ]
    ]
  },
  "params": {
    "gm": [
      [
        0.0,
        0.8323445640904565,
        0.7857310679741109,
        0.4099592404206993,
        0.9924450764584747,
        0.5097912598874242,
        0.5184851253119073,
        0.6889235043841399,
        1.0515743242662978,
        0.8752543412099002
      ],
      [
        0.8323445640904565,
        0.0,
        1.374885327047636,
        0.6915449462280453,
        0.500235064614,
        0.6778830013476599,
        0.556618718421203,
        0.8044958803333646,
        1.0048849592454123,
        0.11959726446152123
      ],
      [
        0.7857310679741109,
        1.374885327047636,
        0.0,
        0.7069851850702129,
        1.1801557938447687,
        0.6970023256999759,
        0.8182666086264327,
        0.8765043142561537,
        0.5700363471046763,
        1.2552880625861147
      ],
      [
        0.4099592404206993,
        0.6915449462280453,
        0.7069851850702129,
        0.0,
        0.5824858360377754,
        0.09983201946672497,
        0.13816835139933353,
        0.27896426396344054,
        0.6416150838455985,
        0.5719476817665241
      ],
      [
        0.9924450764584747,
        0.500235064614,
        1.1801557938447687,
        0.5824858360377754,
        0.0,
        0.48315346814479276,
        0.5581734364820565,
        0.31029627456989495,
        0.672947094452053,
        0.6141815613746723
      ],
      [
        0.5097912598874242,
        0.6778830013476599,
        0.6970023256999759,
        0.09983201946672497,
        0.48315346814479276,
        0.0,
        0.12126428292645683,
        0.17950198855617783,
        0.5421528084383358,
        0.5582857368861387
      ],
      [
        0.5184851253119073,
        0.556618718421203,
        0.8182666086264327,
        0.13816835139933353,
        0.5581734364820565,
        0.12126428292645683,
        0.0,
        0.2478771619121616,
        0.6105279817943197,
        0.43702145395968184
      ],
      [
        0.6889235043841399,
        0.8044958803333646,
        0.8765043142561537,
        0.27896426396344054,
        0.31029627456989495,
        0.17950198855617783,
        0.2478771619121616,
        0.0,
        0.362650819882158,
        0.6848986158718434
      ],
      [
        1.0515743242662978,
        1.0048849592454123,
        0.5700363471046763,
        0.6416150838455985,
        0.672947094452053,
        0.5421528084383358,
        0.6105279817943197,
        0.362650819882158,
        0.0,
        0.885287694783891
      ],
      [
        0.8752543412099002,
        0.11959726446152123,
        1.2552880625861147,
        0.5719476817665241,
        0.6141815613746723,
        0.5582857368861387,
        0.43702145395968184,
        0.6848986158718434,
        0.885287694783891,
        0.0
      ]
    ],
    "gc": [
      [
        true,
        false,
        false,
        false,
        false,
        false,
        false,
        false,
        false,
        true
      ],
      [
        false,
        true,
        false,
        false,
        false,
        false,
        false,
        false,
        false,
        false
      ],
      [
        false,
        false,
        true,
        false,
        false,
        false,
        false,
        false,
        false,
        false
      ],
      [
        false,
        false,
        false,
        true,
        false,
        true,
        true,
        false,
        false,
        false
      ],
      [
        false,
        false,
        false,
        false,
        true,
        false,
        false,
        false,
        false,
        false
      ],
      [
        false,
        false,
        false,
        true,
        false,
        true,
        true,
        true,
        false,
        false
      ],
      [
        false,
        false,
        false,
        true,
        false,
        true,
        true,
        false,
        false,
        false
      ],
      [
        false,
        false,
        false,
        false,
        false,
        true,
        false,
        true,
        false,
        false
      ],
      [
        false,
        false,
        false,
        false,
        false,
        false,
        false,
        false,
        true,
        false
      ],
      [
        true,
        false,
        false,
        false,
        false,
        false,
        false,
        false,
        false,
        true
      ]
    ],
    "vs": [
      true,
      true,
      true,
      true,
      false,
      false,
      false,
      false,
      false,
      false
    ],
    "b": 9,
    "r": 8,
    "n": 10,
    "__rnd_id__": 3,
    "__scn_id__": 0
  },
  "info": {
    "sol_time": 0.0022804737091064453,
    "check_msgs": []
  }
}