{
  "sol": {
    "z": 1.1284261258477246,
    "tours": [
      [
        0,
        1,
        2,
        3
      ]
    ]
  },
  "params": {
    "gm": [
      [
        0.0,
        0.16318243272478636,
        0.38224515227240896,
        0.5642130629238623,
        0.3951201689413356,
        0.42905126034857793,
        0.5534005021807914,
        0.6859570383604259,
        0.3004366379757918,
        0.6262094949669178
      ],
      [
        0.16318243272478636,
        0.0,
        0.21906271954762258,
        0.4010306301990759,
        0.558302601666122,
        0.2659946964243752,
        0.7114449284365204,
        0.832074381121679,
        0.13725420525100543,
        0.4630270622421314
      ],
      [
        0.38224515227240896,
        0.21906271954762258,
        0.0,
        0.18196791065145337,
        0.6623588682405968,
        0.3601963208854772,
        0.7833488470166222,
        0.8466142307951897,
        0.15179405492451611,
        0.24803112667929494
      ],
      [
        0.5642130629238623,
        0.4010306301990759,
        0.18196791065145337,
        0.0,
        0.8443267788920501,
        0.4359993989726344,
        0.6013809363651689,
        1.028582141446643,
        0.3337619655759695,
        0.4299990373307483
      ],
      [
        0.3951201689413356,
        0.558302601666122,
        0.6623588682405968,
        0.8443267788920501,
        0.0,
        0.7222918630607325,
        0.9280656717097591,
        0.29083686941909026,
        0.6410312560448109,
        0.8375843469653924
      ],
      [
        0.42905126034857793,
        0.2659946964243752,
        0.3601963208854772,
        0.4359993989726344,
        0.7222918630607325,
        0.0,
        0.9703400178219513,
        0.6879017861416089,
        0.21162294944987714,
        0.5852558987478066
      ],
      [
        0.5534005021807914,
        0.7114449284365204,
        0.7833488470166222,
        0.6013809363651689,
        0.9280656717097591,
        0.9703400178219513,
        0.0,
        0.6372288022906688,
        0.8486991336875258,
        0.8627280566969685
      ],
      [
        0.6859570383604259,
        0.832074381121679,
        0.8466142307951897,
        1.028582141446643,
        0.29083686941909026,
        0.6879017861416089,
        0.6372288022906688,
        0.0,
        0.6948201758706736,
        1.0869972669227346
      ],
      [
        0.3004366379757918,
        0.13725420525100543,
        0.15179405492451611,
        0.3337619655759695,
        0.6410312560448109,
        0.21162294944987714,
        0.8486991336875258,
        0.6948201758706736,
        0.0,
        0.392177091052061
      ],
      [
        0.6262094949669178,
        0.4630270622421314,
        0.24803112667929494,
        0.4299990373307483,
        0.8375843469653924,
        0.5852558987478066,
        0.8627280566969685,
        1.0869972669227346,
        0.392177091052061,
        0.0
      ]
    ],
    "gc": [
      [
        true,
        true,
        false,
        false,
        false,
        false,
        false,
        false,
        true,
        false
      ],
      [
        true,
        true,
        false,
        false,
        false,
        false,
        false,
        false,
        false,
        false
      ],
      [
        false,
        false,
        true,
        false,
        false,
        false,
        false,
        false,
        false,
        false
      ],
      [
        false,
        false,
        false,
        true,
        false,
        false,
        false,
        false,
        true,
        false
      ],
      [
        false,
        false,
        false,
        false,
        true,
        false,
        false,
        false,
        false,
        false
      ],
      [
        false,
        false,
        false,
        false,
        false,
        true,
        false,
        false,
        false,
        false
      ],
      [
        false,
        false,
        false,
        false,
        false,
        false,
        true,
        false,
        false,
        false
      ],
      [
        false,
        false,
        false,
        false,
        false,
        false,
        false,
        true,
        false,
        false
      ],
      [
        true,
        false,
        false,
        true,
        false,
        false,
        false,
        false,
        true,
        false
      ],
      [
        false,
        false,
        false,
        false,
        false,
        false,
        false,
        false,
        false,
        true
      ]
    ],
    "vs": [
      true,
      true,
      true,
      true,
      false,
      false,
      false,
      false,
      false,
      false
    ],
    "b": 9,
    "r": 2,
    "n": 10,
    "__rnd_id__": 4,
    "__scn_id__": 0
  },
  "info": {
    "sol_time": 0.0019140243530273438,
    "check_msgs": []
  }
}