{
  "sol": {
    "z": 0.0,
    "tours": [
      [
        0
      ],
      [
        1
      ],
      [
        2
      ],
      [
        3
      ]
    ]
  },
  "params": {
    "gm": [
      [
        0.0,
        0.32818619171714697,
        0.8426026111261853,
        0.8423755537092437,
        0.7869228743053189,
        0.6393496504644401,
        0.24000788695803243,
        0.6891267633719679,
        0.3612000683965994,
        1.1418178318195895
      ],
      [
        0.32818619171714697,
        0.0,
        1.1060835710224344,
        1.1705617454263906,
        1.1151090660224658,
        0.9675358421815872,
        0.5034888468542816,
        0.9526077232682171,
        0.6731082227862872,
        1.4052987917158388
      ],
      [
        0.8426026111261853,
        1.1060835710224344,
        0.0,
        0.18479350904501882,
        0.2673737513516603,
        0.2208155615085554,
        0.6025947241681529,
        0.15347584775421735,
        0.7132128270906073,
        0.9164640292658833
      ],
      [
        0.8423755537092437,
        1.1705617454263906,
        0.18479350904501882,
        0.0,
        0.35301246497030914,
        0.2030259032448035,
        0.7214722054656048,
        0.2723533290516693,
        0.8320903083880593,
        0.8986743710021314
      ],
      [
        0.7869228743053189,
        1.1151090660224658,
        0.2673737513516603,
        0.35301246497030914,
        0.0,
        0.14998656172550567,
        0.626578086526908,
        0.1774592101129726,
        0.7371961894493626,
        0.6699113009000806
      ],
      [
        0.6393496504644401,
        0.9675358421815872,
        0.2208155615085554,
        0.2030259032448035,
        0.14998656172550567,
        0.0,
        0.5184463022208012,
        0.06932742580686581,
        0.6290644051432558,
        0.6956484677573279
      ],
      [
        0.24000788695803243,
        0.5034888468542816,
        0.6025947241681529,
        0.7214722054656048,
        0.626578086526908,
        0.5184463022208012,
        0.0,
        0.44911887641393544,
        0.19853166808999206,
        0.9018099448615571
      ],
      [
        0.6891267633719679,
        0.9526077232682171,
        0.15347584775421735,
        0.2723533290516693,
        0.1774592101129726,
        0.06932742580686581,
        0.44911887641393544,
        0.0,
        0.55973697933639,
        0.7649758935641937
      ],
      [
        0.3612000683965994,
        0.6731082227862872,
        0.7132128270906073,
        0.8320903083880593,
        0.7371961894493626,
        0.6290644051432558,
        0.19853166808999206,
        0.55973697933639,
        0.0,
        0.8645574263160825
      ],
      [
        1.1418178318195895,
        1.4052987917158388,
        0.9164640292658833,
        0.8986743710021314,
        0.6699113009000806,
        0.6956484677573279,
        0.9018099448615571,
        0.7649758935641937,
        0.8645574263160825,
        0.0
      ]
    ],
    "gc": [
      [
        true,
        false,
        false,
        false,
        false,
        false,
        false,
        false,
        false,
        false
      ],
      [
        false,
        true,
        false,
        false,
        false,
        false,
        false,
        false,
        false,
        false
      ],
      [
        false,
        false,
        true,
        true,
        false,
        false,
        false,
        false,
        false,
        false
      ],
      [
        false,
        false,
        true,
        true,
        false,
        false,
        false,
        true,
        false,
        false
      ],
      [
        false,
        false,
        false,
        false,
        true,
        true,
        false,
        true,
        false,
        false
      ],
      [
        false,
        false,
        false,
        false,
        true,
        true,
        false,
        true,
        false,
        false
      ],
      [
        false,
        false,
        false,
        false,
        false,
        false,
        true,
        false,
        true,
        false
      ],
      [
        false,
        false,
        false,
        true,
        true,
        true,
        false,
        true,
        false,
        false
      ],
      [
        false,
        false,
        false,
        false,
        false,
        false,
        true,
        false,
        true,
        false
      ],
      [
        false,
        false,
        false,
        false,
        false,
        false,
        false,
        false,
        false,
        true
      ]
    ],
    "vs": [
      true,
      true,
      true,
      true,
      false,
      false,
      false,
      false,
      false,
      false
    ],
    "b": 9,
    "r": 6,
    "n": 10,
    "__rnd_id__": 5,
    "__scn_id__": 0
  },
  "info": {
    "sol_time": 0.002236604690551758,
    "check_msgs": []
  }
}