{
  "sol": {
    "z": 0.0,
    "tours": [
      [
        0
      ],
      [
        1
      ],
      [
        2
      ],
      [
        3
      ]
    ]
  },
  "params": {
    "gm": [
      [
        0.0,
        0.7536579004508134,
        0.7197347088626578,
        0.9236082008990936,
        0.17242118817826801,
        0.5513310522022783,
        0.32677280958852106,
        0.30310053907550105,
        0.9657659126994267,
        0.5212043166672186
      ],
      [
        0.7536579004508134,
        0.0,
        1.0596569543453496,
        0.8557834623089138,
        0.739994289237537,
        0.2638988569461858,
        0.9460033581632212,
        0.660893242202407,
        1.082143057725305,
        0.5926424093903763
      ],
      [
        0.7197347088626578,
        1.0596569543453496,
        0.0,
        0.20387349203643582,
        0.7736109721350236,
        0.7957580973991637,
        0.7120120322915576,
        0.4166460274320753,
        0.2624771183235924,
        1.1120350043862777
      ],
      [
        0.9236082008990936,
        0.8557834623089138,
        0.20387349203643582,
        0.0,
        0.9774844641714594,
        0.5918846053627279,
        0.9158855243279935,
        0.6205195194685111,
        0.22635959541639145,
        1.3159084964227135
      ],
      [
        0.17242118817826801,
        0.739994289237537,
        0.7736109721350236,
        0.9774844641714594,
        0.0,
        0.47609543229135115,
        0.490283651682837,
        0.37719017755117096,
        1.0305401485720636,
        0.35341937243590377
      ],
      [
        0.5513310522022783,
        0.2638988569461858,
        0.7957580973991637,
        0.5918846053627279,
        0.47609543229135115,
        0.0,
        0.698202394087841,
        0.4028363892283587,
        0.8182442007791193,
        0.8295148047272549
      ],
      [
        0.32677280958852106,
        0.9460033581632212,
        0.7120120322915576,
        0.9158855243279935,
        0.490283651682837,
        0.698202394087841,
        0.0,
        0.29536600485948233,
        0.7845842379679343,
        0.8436543151679525
      ],
      [
        0.30310053907550105,
        0.660893242202407,
        0.4166460274320753,
        0.6205195194685111,
        0.37719017755117096,
        0.4028363892283587,
        0.29536600485948233,
        0.0,
        0.6626653736239256,
        0.6953889769542024
      ],
      [
        0.9657659126994267,
        1.082143057725305,
        0.2624771183235924,
        0.22635959541639145,
        1.0305401485720636,
        0.8182442007791193,
        0.7845842379679343,
        0.6626653736239256,
        0.0,
        1.3013561839110628
      ],
      [
        0.5212043166672186,
        0.5926424093903763,
        1.1120350043862777,
        1.3159084964227135,
        0.35341937243590377,
        0.8295148047272549,
        0.8436543151679525,
        0.6953889769542024,
        1.3013561839110628,
        0.0
      ]
    ],
    "gc": [
      [
        true,
        false,
        false,
        false,
        false,
        false,
        false,
        false,
        false,
        false
      ],
      [
        false,
        true,
        false,
        false,
        true,
        false,
        false,
        false,
        false,
        false
      ],
      [
        false,
        false,
        true,
        false,
        false,
        false,
        false,
        false,
        false,
        false
      ],
      [
        false,
        false,
        false,
        true,
        false,
        false,
        false,
        false,
        false,
        false
      ],
      [
        false,
        true,
        false,
        false,
        true,
        false,
        false,
        false,
        false,
        false
      ],
      [
        false,
        false,
        false,
        false,
        false,
        true,
        false,
        false,
        false,
        false
      ],
      [
        false,
        false,
        false,
        false,
        false,
        false,
        true,
        false,
        false,
        false
      ],
      [
        false,
        false,
        false,
        false,
        false,
        false,
        false,
        true,
        false,
        false
      ],
      [
        false,
        false,
        false,
        false,
        false,
        false,
        false,
        false,
        true,
        false
      ],
      [
        false,
        false,
        false,
        false,
        false,
        false,
        false,
        false,
        false,
        true
      ]
    ],
    "vs": [
      true,
      true,
      true,
      true,
      false,
      false,
      false,
      false,
      false,
      false
    ],
    "b": 9,
    "r": 10,
    "n": 10,
    "__rnd_id__": 7,
    "__scn_id__": 0
  },
  "info": {
    "sol_time": 0.0019838809967041016,
    "check_msgs": []
  }
}