{
  "sol": {
    "z": 0.0,
    "tours": [
      [
        0
      ],
      [
        1
      ],
      [
        2
      ],
      [
        3
      ]
    ]
  },
  "params": {
    "gm": [
      [
        0.0,
        0.3861699879275054,
        0.7647209622720605,
        1.1939386905202065,
        0.21111365624547165,
        0.8801511318363417,
        0.9358885540983926,
        1.11461341602215,
        1.1628330937518676,
        1.129680834735451
      ],
      [
        0.3861699879275054,
        0.0,
        0.37855097434455515,
        1.252647744544349,
        0.5972836441729771,
        0.9312557472445528,
        0.5497185661708871,
        0.7284434280946446,
        1.2822060788563627,
        0.7435108468079455
      ],
      [
        0.7647209622720605,
        0.37855097434455515,
        0.0,
        0.8740967701997937,
        0.9417198064966515,
        0.5527047728999976,
        0.2935065090551242,
        0.4722313709788817,
        0.9036551045118076,
        0.4831093653054752
      ],
      [
        1.1939386905202065,
        1.252647744544349,
        0.8740967701997937,
        0.0,
        0.9828250342747348,
        0.39042837842504985,
        0.7747564575892699,
        0.596754069438971,
        0.03110559676833882,
        0.8165514169174001
      ],
      [
        0.21111365624547165,
        0.5972836441729771,
        0.9417198064966515,
        0.9828250342747348,
        0.0,
        0.6690374755908701,
        1.1470022103438642,
        1.1067588976589033,
        0.951719437506396,
        1.3407944909809226
      ],
      [
        0.8801511318363417,
        0.9312557472445528,
        0.5527047728999976,
        0.39042837842504985,
        0.6690374755908701,
        0.0,
        0.6164462839917906,
        0.4377214220680331,
        0.42153397519338864,
        0.7036560517843382
      ],
      [
        0.9358885540983926,
        0.5497185661708871,
        0.2935065090551242,
        0.7747564575892699,
        1.1470022103438642,
        0.6164462839917906,
        0.0,
        0.17872486192375747,
        0.8058587006433564,
        0.19379228063705847
      ],
      [
        1.11461341602215,
        0.7284434280946446,
        0.4722313709788817,
        0.596754069438971,
        1.1067588976589033,
        0.4377214220680331,
        0.17872486192375747,
        0.0,
        0.6278376581568204,
        0.26593473198769113
      ],
      [
        1.1628330937518676,
        1.2822060788563627,
        0.9036551045118076,
        0.03110559676833882,
        0.951719437506396,
        0.42153397519338864,
        0.8058587006433564,
        0.6278376581568204,
        0.0,
        0.8466991743546743
      ],
      [
        1.129680834735451,
        0.7435108468079455,
        0.4831093653054752,
        0.8165514169174001,
        1.3407944909809226,
        0.7036560517843382,
        0.19379228063705847,
        0.26593473198769113,
        0.8466991743546743,
        0.0
      ]
    ],
    "gc": [
      [
        true,
        false,
        false,
        false,
        false,
        false,
        false,
        false,
        false,
        false
      ],
      [
        false,
        true,
        false,
        false,
        false,
        false,
        false,
        false,
        false,
        false
      ],
      [
        false,
        false,
        true,
        false,
        false,
        false,
        false,
        false,
        true,
        false
      ],
      [
        false,
        false,
        false,
        true,
        false,
        false,
        false,
        false,
        false,
        false
      ],
      [
        false,
        false,
        false,
        false,
        true,
        false,
        false,
        false,
        false,
        false
      ],
      [
        false,
        false,
        false,
        false,
        false,
        true,
        false,
        false,
        false,
        false
      ],
      [
        false,
        false,
        false,
        false,
        false,
        false,
        true,
        true,
        false,
        true
      ],
      [
        false,
        false,
        false,
        false,
        false,
        false,
        true,
        true,
        false,
        false
      ],
      [
        false,
        false,
        true,
        false,
        false,
        false,
        false,
        false,
        true,
        false
      ],
      [
        false,
        false,
        false,
        false,
        false,
        false,
        true,
        false,
        false,
        true
      ]
    ],
    "vs": [
      true,
      true,
      true,
      true,
      false,
      false,
      false,
      false,
      false,
      false
    ],
    "b": 9,
    "r": 10,
    "n": 10,
    "__rnd_id__": 8,
    "__scn_id__": 0
  },
  "info": {
    "sol_time": 0.0019245147705078125,
    "check_msgs": []
  }
}