{
  "sol": {
    "z": 0.0,
    "tours": [
      [
        0
      ],
      [
        1
      ],
      [
        2
      ],
      [
        3
      ]
    ]
  },
  "params": {
    "gm": [
      [
        0.0,
        0.6127634260403986,
        0.7921588575540204,
        0.7605458987244975,
        0.3377028514843379,
        0.12466416473086432,
        0.622116700587013,
        0.5181813457950519,
        0.34873140397674257,
        0.6632383443313203
      ],
      [
        0.6127634260403986,
        0.0,
        0.4340222991835634,
        0.556226569839461,
        0.5670264111827704,
        0.5904532753827572,
        0.8603875956240943,
        0.7564548124723198,
        0.6175104674847793,
        1.1235765202208579
      ],
      [
        0.7921588575540204,
        0.4340222991835634,
        0.0,
        0.12220427065589753,
        0.5121078844434378,
        0.6674946928231561,
        0.4263652964405309,
        0.32243251328875644,
        0.4918914016285201,
        0.8315696037419205
      ],
      [
        0.7605458987244975,
        0.556226569839461,
        0.12220427065589753,
        0.0,
        0.4228430472401596,
        0.7896989634790537,
        0.4661505058074455,
        0.36689030164613,
        0.4733293004017443,
        0.8713548131088351
      ],
      [
        0.3377028514843379,
        0.5670264111827704,
        0.5121078844434378,
        0.4228430472401596,
        0.0,
        0.44048940536683795,
        0.29361072594664245,
        0.1896753711546814,
        0.05048625316158473,
        0.5565523058976632
      ],
      [
        0.12466416473086432,
        0.5904532753827572,
        0.6674946928231561,
        0.7896989634790537,
        0.44048940536683795,
        0.0,
        0.7312696911095827,
        0.6273343363176217,
        0.4593827755728211,
        0.7833781858931534
      ],
      [
        0.622116700587013,
        0.8603875956240943,
        0.4263652964405309,
        0.4661505058074455,
        0.29361072594664245,
        0.7312696911095827,
        0.0,
        0.10393535479196107,
        0.2733942431317247,
        0.40520430730138957
      ],
      [
        0.5181813457950519,
        0.7564548124723198,
        0.32243251328875644,
        0.36689030164613,
        0.1896753711546814,
        0.6273343363176217,
        0.10393535479196107,
        0.0,
        0.16945888833976364,
        0.5091396620933506
      ],
      [
        0.34873140397674257,
        0.6175104674847793,
        0.4918914016285201,
        0.4733293004017443,
        0.05048625316158473,
        0.4593827755728211,
        0.2733942431317247,
        0.16945888833976364,
        0.0,
        0.5060660527360785
      ],
      [
        0.6632383443313203,
        1.1235765202208579,
        0.8315696037419205,
        0.8713548131088351,
        0.5565523058976632,
        0.7833781858931534,
        0.40520430730138957,
        0.5091396620933506,
        0.5060660527360785,
        0.0
      ]
    ],
    "gc": [
      [
        true,
        false,
        false,
        false,
        false,
        false,
        false,
        false,
        false,
        false
      ],
      [
        false,
        true,
        false,
        false,
        false,
        true,
        false,
        false,
        false,
        false
      ],
      [
        false,
        false,
        true,
        true,
        false,
        false,
        false,
        false,
        false,
        false
      ],
      [
        false,
        false,
        true,
        true,
        false,
        false,
        false,
        false,
        false,
        false
      ],
      [
        false,
        false,
        false,
        false,
        true,
        false,
        false,
        true,
        true,
        false
      ],
      [
        false,
        true,
        false,
        false,
        false,
        true,
        false,
        false,
        false,
        false
      ],
      [
        false,
        false,
        false,
        false,
        false,
        false,
        true,
        true,
        false,
        false
      ],
      [
        false,
        false,
        false,
        false,
        true,
        false,
        true,
        true,
        true,
        false
      ],
      [
        false,
        false,
        false,
        false,
        true,
        false,
        false,
        true,
        true,
        false
      ],
      [
        false,
        false,
        false,
        false,
        false,
        false,
        false,
        false,
        false,
        true
      ]
    ],
    "vs": [
      true,
      true,
      true,
      true,
      false,
      false,
      false,
      false,
      false,
      false
    ],
    "b": 9,
    "r": 6,
    "n": 10,
    "__rnd_id__": 9,
    "__scn_id__": 0
  },
  "info": {
    "sol_time": 0.0020530223846435547,
    "check_msgs": []
  }
}