{
  "sol": {
    "z": 1.0380526637505307,
    "tours": [
      [
        0
      ],
      [
        1,
        2,
        6,
        4,
        3
      ],
      [
        5
      ],
      [
        7
      ]
    ]
  },
  "params": {
    "gm": [
      [
        0.0,
        0.9889796902157507,
        0.9846750717239295,
        0.905797181218559,
        0.8112787884358037,
        0.452452233537315,
        0.9209129205200943,
        0.5462838352602777,
        0.4403166386601975,
        0.30425828404814176,
        0.6039876089278942,
        0.9658163316127,
        0.4590356607810599,
        1.0718179075172318,
        0.518682286180276,
        0.6892344608134806,
        0.33157579521437824,
        0.897255803209613,
        0.7323082922473991,
        1.1562276027898564
      ],
      [
        0.9889796902157507,
        0.0,
        0.005794655997633153,
        0.4320902230234092,
        0.34254805124716675,
        0.7522297298015959,
        0.22909296142052926,
        0.742704332657958,
        0.9293545125907652,
        0.9573631860818402,
        0.7302360437291202,
        0.4883171600721658,
        1.0475276478842321,
        0.23297225739965252,
        1.0325712200704227,
        0.7950045931145258,
        0.8184300867262454,
        0.28697140609036376,
        0.41769758969322446,
        0.7765059553799362
      ],
      [
        0.9846750717239295,
        0.005794655997633153,
        0.0,
        0.430514029845129,
        0.3397954872337301,
        0.7494771657881591,
        0.2263403974070926,
        0.7394341654257636,
        0.9260843453585708,
        0.9546106220684035,
        0.7274057610433716,
        0.48952664149590575,
        1.0447750838707954,
        0.23037429397922193,
        1.0299732566499922,
        0.792610971902723,
        0.8156775227128087,
        0.2847421168883729,
        0.41494502567978775,
        0.7778720238049323
      ],
      [
        0.905797181218559,
        0.4320902230234092,
        0.430514029845129,
        0.0,
        0.26037229749575824,
        0.6212652146922802,
        0.2148562979200336,
        0.3595133459582814,
        0.5457777122989286,
        0.6015388971704172,
        0.32522510121208165,
        0.22826604091369615,
        0.915638833553962,
        0.6608883238243509,
        0.9242913894688423,
        0.373011637785875,
        0.6865412723959752,
        0.1513663850687519,
        0.2858087753629543,
        0.5170419952193409
      ],
      [
        0.8112787884358037,
        0.34254805124716675,
        0.3397954872337301,
        0.26037229749575824,
        0.0,
        0.4145396419030648,
        0.11345508982663748,
        0.4799138530967977,
        0.6665640330296049,
        0.6186360925770203,
        0.4806991688703172,
        0.4412413269998958,
        0.7088005543794123,
        0.570169781212952,
        0.7174531102942925,
        0.5584202466848912,
        0.4797029932214255,
        0.14033311582856908,
        0.07967624539426714,
        0.7057311575240552
      ],
      [
        0.452452233537315,
        0.7522297298015959,
        0.7494771657881591,
        0.6212652146922802,
        0.4145396419030648,
        0.0,
        0.5231367683810666,
        0.4459371320874707,
        0.3431331737500948,
        0.20707481913803902,
        0.4987565482084302,
        0.8242858890534752,
        0.3509581309077933,
        0.67828351780363,
        0.3596106868226736,
        0.5872877135242134,
        0.12186056974980661,
        0.5228240905220495,
        0.33545643932932595,
        1.0509965420703924
      ],
      [
        0.9209129205200943,
        0.22909296142052926,
        0.2263403974070926,
        0.2148562979200336,
        0.11345508982663748,
        0.5231367683810666,
        0.0,
        0.5151571254222652,
        0.7018073053550724,
        0.728270224661311,
        0.5011527431318608,
        0.34835529353808575,
        0.8184346864637029,
        0.45671469138631454,
        0.8270872423785831,
        0.5668644050189181,
        0.5893371253057161,
        0.06349897447757528,
        0.18860462827269517,
        0.626762981028784
      ],
      [
        0.5462838352602777,
        0.742704332657958,
        0.7394341654257636,
        0.3595133459582814,
        0.4799138530967977,
        0.4459371320874707,
        0.5151571254222652,
        0.0,
        0.18665017993280716,
        0.24202555121213587,
        0.06677347785520976,
        0.5512285705285205,
        0.5969130249042277,
        0.9698084594049855,
        0.6124869109409458,
        0.14320585378319448,
        0.3750489043569386,
        0.46483691927025567,
        0.5595900984910648,
        0.6183181009826821
      ],
      [
        0.4403166386601975,
        0.9293545125907652,
        0.9260843453585708,
        0.5457777122989286,
        0.6665640330296049,
        0.3431331737500948,
        0.7018073053550724,
        0.18665017993280716,
        0.0,
        0.13605835461205573,
        0.22055261108684696,
        0.5254996929525025,
        0.49359557420713523,
        0.9036295761130249,
        0.5039278819818183,
        0.31191442818449955,
        0.2661777649089512,
        0.6514870992030628,
        0.6669102619419721,
        0.7727926049488092
      ],
      [
        0.30425828404814176,
        0.9573631860818402,
        0.9546106220684035,
        0.6015388971704172,
        0.6186360925770203,
        0.20707481913803902,
        0.728270224661311,
        0.24202555121213587,
        0.13605835461205573,
        0.0,
        0.29972932487975246,
        0.6615580475645583,
        0.3677113788410045,
        0.7675712215009691,
        0.3727748156851058,
        0.3849761767653388,
        0.1389330993555948,
        0.7046131073508295,
        0.5396655963886158,
        0.8519693187417147
      ],
      [
        0.6039876089278942,
        0.7302360437291202,
        0.7274057610433716,
        0.32522510121208165,
        0.4806991688703172,
        0.4987565482084302,
        0.5011527431318608,
        0.06677347785520976,
        0.22055261108684696,
        0.29972932487975246,
        0.0,
        0.48445509267331077,
        0.6602577704199301,
        0.9577800550225936,
        0.6722725720628654,
        0.09136830303160393,
        0.43589361871907323,
        0.4460880289895741,
        0.5603754142645844,
        0.5522399938619622
      ],
      [
        0.9658163316127,
        0.4883171600721658,
        0.48952664149590575,
        0.22826604091369615,
        0.4412413269998958,
        0.8242858890534752,
        0.34835529353808575,
        0.5512285705285205,
        0.5254996929525025,
        0.6615580475645583,
        0.48445509267331077,
        0.0,
        1.0190952671596378,
        0.7154851277969514,
        1.0294275749343207,
        0.5758233957049147,
        0.7916774578614537,
        0.3014617985314258,
        0.4904576663220565,
        0.2887759543056448
      ],
      [
        0.4590356607810599,
        1.0475276478842321,
        1.0447750838707954,
        0.915638833553962,
        0.7088005543794123,
        0.3509581309077933,
        0.8184346864637029,
        0.5969130249042277,
        0.49359557420713523,
        0.3677113788410045,
        0.6602577704199301,
        1.0190952671596378,
        0.0,
        0.8793453965830815,
        0.08967974464493425,
        0.7382790823827369,
        0.2290975611579867,
        0.7947775691532214,
        0.6298300581910077,
        1.181319280149181
      ],
      [
        1.0718179075172318,
        0.23297225739965252,
        0.23037429397922193,
        0.6608883238243509,
        0.570169781212952,
        0.67828351780363,
        0.45671469138631454,
        0.9698084594049855,
        0.9036295761130249,
        0.7675712215009691,
        0.9577800550225936,
        0.7154851277969514,
        0.8793453965830815,
        0.0,
        0.7995989626707702,
