{
  "sol": {
    "z": 2.5772695479083665,
    "tours": [
      [
        0,
        4,
        5,
        6,
        2,
        7
      ],
      [
        1
      ],
      [
        3
      ]
    ]
  },
  "params": {
    "gm": [
      [
        0.0,
        1.1318673113649007,
        0.7641150205545243,
        0.5518677440754786,
        0.35921782204593444,
        0.5180062160573241,
        0.7476915974363432,
        0.9097781020043585,
        0.9305378333161223,
        0.7837958912245546,
        0.6314596770350267,
        0.9591152669122286,
        1.0759652420310253,
        0.44141289341545215,
        0.6768579951101374,
        0.2940241133972572,
        0.72869830785917,
        0.8277378820649379,
        0.611436807579055,
        1.2714866661447095
      ],
      [
        1.1318673113649007,
        0.0,
        0.7995560125089685,
        0.655316494710737,
        0.9305361119038941,
        0.8312845983204941,
        0.8120604033001583,
        0.6826627328037999,
        0.33768410337335963,
        0.5062381948485527,
        0.6861048854938004,
        0.37762308117565613,
        0.2533268235301288,
        0.9521638496377488,
        0.9548465698728498,
        1.0541636582251641,
        0.541703420001731,
        0.46233044735486833,
        0.6567851291104269,
        0.18613002757717162
      ],
      [
        0.7641150205545243,
        0.7995560125089685,
        0.0,
        0.7487803650516693,
        0.40589282104392665,
        0.2480234738559359,
        0.5777125185056868,
        0.1807263076766827,
        0.6557555707799969,
        0.583486090528853,
        0.45175700069932895,
        0.9512403729440806,
        1.0528828360390974,
        0.3393954285648938,
        1.2526234043764999,
        0.5050791412452518,
        0.7793781601098042,
        0.5836257755666336,
        0.8423380458528219,
        0.9841549953243025
      ],
      [
        0.5518677440754786,
        0.655316494710737,
        0.7487803650516693,
        0.0,
        0.5473060966582658,
        0.7122035224612404,
        0.7276225306278915,
        0.8169931282893911,
        0.4097554060957736,
        0.4067112506622187,
        0.6016670128215337,
        0.4268161275164433,
        0.5390874103817312,
        0.6277700661580351,
        1.2287257391856161,
        0.6745857650771244,
        0.21081918108126751,
        0.41409366039944007,
        0.09355768080115254,
        0.7427524629034005
      ],
      [
        0.35921782204593444,
        0.9305361119038941,
        0.40589282104392665,
        0.5473060966582658,
        0.0,
        0.16489742580297462,
        0.3884737753904088,
        0.5566355744423656,
        0.5937427259358606,
        0.4245780691786202,
        0.27224185498909226,
        0.8326657964345938,
        0.9569620540801211,
        0.09649543339655141,
        0.9886175955576325,
        0.12727966841885865,
        0.6204701387595714,
        0.4685200600190034,
        0.6408637774594184,
        1.0925163783307672
      ],
      [
        0.5180062160573241,
        0.8312845983204941,
        0.2480234738559359,
        0.7122035224612404,
        0.16489742580297462,
        0.0,
        0.38493737187272936,
        0.3917718859470344,
        0.4978674324683697,
        0.33546261667291716,
        0.259956273939051,
        0.7933522346324534,
        0.9176484922779807,
        0.13388917412064555,
        1.0471171499322516,
        0.28164737065299444,
        0.5313546862538683,
        0.3689541509656257,
        0.6486161865339832,
        0.9951155678242142
      ],
      [
        0.7476915974363432,
        0.8120604033001583,
        0.5777125185056868,
        0.7276225306278915,
        0.3884737753904088,
        0.38493737187272936,
        0.0,
        0.6057103213254889,
        0.47718673387556465,
        0.3209112799656728,
        0.12595551780635783,
        0.6863794592518594,
        0.8106757168973867,
        0.457373496709906,
        1.3477395705730695,
        0.48640164343429565,
        0.516803349546624,
        0.3707243137666315,
        0.6340648498267389,
        0.9759603862704712
      ],
      [
        0.9097781020043585,
        0.6826627328037999,
        0.1807263076766827,
        0.8169931282893911,
        0.5566355744423656,
        0.3917718859470344,
        0.6057103213254889,
        0.0,
        0.47502926310331417,
        0.45271273099527254,
        0.6324833083760116,
        0.7705140652673979,
        0.8948103229129252,
        0.5049521139872201,
        1.4181800897988261,
        0.6678947178245181,
        0.611089325367381,
        0.40289946788995096,
        0.7234354474882385,
        0.8686488856525791
      ],
      [
        0.9305378333161223,
        0.33768410337335963,
        0.6557555707799969,
        0.4097554060957736,
        0.5937427259358606,
        0.4978674324683697,
        0.47718673387556465,
        0.47502926310331417,
        0.0,
        0.16919315979979252,
        0.3512312160692068,
        0.29548480216408374,
        0.41978105980961106,
        0.6209593499939413,
        1.121300806152332,
        0.7166665560328234,
        0.20401931662837133,
        0.12900421112727808,
        0.3191010257370672,
        0.49877365239490656
      ],
      [
        0.7837958912245546,
        0.5062381948485527,
        0.583486090528853,
        0.4067112506622187,
        0.4245780691786202,
        0.33546261667291716,
        0.3209112799656728,
        0.45271273099527254,
        0.16919315979979252,
        0.0,
        0.19495576215931498,
        0.46467796196387623,
        0.5889742196094035,
        0.4539429348244661,
        1.2904939659521246,
        0.5479573819462121,
        0.19589206958095118,
        0.04981326310532161,
        0.31315356986106613,
        0.6679668121946991
      ],
      [
        0.6314596770350267,
        0.6861048854938004,
        0.45175700069932895,
        0.6016670128215337,
        0.27224185498909226,
        0.259956273939051,
        0.12595551780635783,
        0.6324833083760116,
        0.3512312160692068,
        0.19495576215931498,
        0.0,
        0.5604239414455016,
        0.6847201990910289,
        0.333827590078076,
        1.2431757175749656,
        0.3818377904361917,
        0.39084783174026616,
        0.24476879596027365,
        0.5081093320203811,
        0.8500048684641134
      ],
      [
        0.9591152669122286,
        0.37762308117565613,
        0.9512403729440806,
        0.4268161275164433,
        0.8326657964345938,
        0.7933522346324534,
        0.6863794592518594,
        0.7705140652673979,
        0.29548480216408374,
        0.46467796196387623,
        0.5604239414455016,
        0.0,
        0.12429625764552733,
        0.8942515315235775,
        0.8258160039882483,
        0.9422617318816933,
        0.4649399596132885,
        0.4244890132913618,
        0.34767845933317354,
        0.31593633538695715
      ],
      [
        1.0759652420310253,
        0.2533268235301288,
        1.0528828360390974,
        0.5390874103817312,
        0.9569620540801211,
        0.9176484922779807,
        0.8106757168973867,
        0.8948103229129252,
        0.41978105980961106,
        0.5889742196094035,
        0.6847201990910289,
        0.12429625764552733,
        0.0,
        0.9992776809204666,
        0.701519746342721,
        1.0660771048489492,
        0.5829066440890023,
        0.5487852709368891,
        0.46564514380888733,
        0.2226793243193509
      ],
      [
        0.44141289341545215,
        0.9521638496377488,
        0.3393954285648938,
        0.6277700661580351,
        0.09649543339655141,
        0.13388917412064555,
        0.457373496709906,
        0.5049521139872201,
        0.6209593499939413,
        0.4539429348244661,
        0.333827590078076,
        0.8942515315235775,
        0.9992776809204666,
        0.0,
        0.9132279758116061,
