{
  "sol": {
    "z": 0.0,
    "tours": [
      [
        0
      ],
      [
        1
      ],
      [
        2
      ],
      [
        3
      ],
      [
        4
      ],
      [
        5
      ],
      [
        6
      ],
      [
        7
      ]
    ]
  },
  "params": {
    "gm": [
      [
        0.0,
        0.41308815342574584,
        0.6274581167731819,
        0.7592226823535874,
        0.38511005044860996,
        0.4745581842711097,
        0.7644371592678855,
        0.7187236667611006,
        0.9063177947205415,
        0.24326928469532616,
        0.6578010533621624,
        0.32454270508663263,
        0.46727880141065775,
        0.6696216752443384,
        0.8939159664099579,
        0.5189497454092205,
        0.04920163856305923,
        0.07653099618285612,
        0.5528915376297681,
        0.46812072703488194
      ],
      [
        0.41308815342574584,
        0.0,
        0.5890503485419774,
        0.6178162579789851,
        0.43797072260172015,
        0.06147003084536382,
        0.811745324794404,
        0.3063749675696154,
        0.5940275138920098,
        0.19127277676148982,
        0.24471289993641662,
        0.36642824160512333,
        0.1750958545906421,
        0.3756228266919787,
        0.5828749120085142,
        0.8930805394490164,
        0.37411042958403634,
        0.4544455536908952,
        0.6345479317119058,
        0.5172577652516092
      ],
      [
        0.6274581167731819,
        0.5890503485419774,
        0.0,
        0.13176456558040553,
        0.25214952047879857,
        0.6440438868884386,
        0.5505932369495429,
        0.7097422686613781,
        0.5686052746375276,
        0.5210596015194897,
        0.6274978029269799,
        0.3033033544394167,
        0.4157703956836793,
        0.2134275218499987,
        0.4608167247807804,
        0.6361511955225111,
        0.5816851053179254,
        0.5956215740993713,
        0.26674800491196843,
        1.0639780434786208
      ],
      [
        0.7592226823535874,
        0.6178162579789851,
        0.13176456558040553,
        0.0,
        0.3839140860592041,
        0.6792862888243489,
        0.6823578025299484,
        0.8415068342417836,
        0.7003698402179331,
        0.6528241670998952,
        0.7592623685073854,
        0.4350679200198222,
        0.5475349612640847,
        0.3451920874304042,
        0.5925812903611859,
        0.7679157611029166,
        0.7134496708983309,
        0.7273861396797768,
        0.398512570492374,
        1.1350740232305943
      ],
      [
        0.38511005044860996,
        0.43797072260172015,
        0.25214952047879857,
        0.3839140860592041,
        0.0,
        0.4835978434990671,
        0.3797107353158997,
        0.6366158717312757,
        0.7070691601333712,
        0.28787827328046384,
        0.6426461781418977,
        0.07154248099659682,
        0.514547029327559,
        0.3297850425898301,
        0.5559285122629014,
        0.5755894157775896,
        0.34281377577724054,
        0.345807235102509,
        0.20024564717517518,
        0.825106713937936
      ],
      [
        0.4745581842711097,
        0.06147003084536382,
        0.6440438868884386,
        0.6792862888243489,
        0.4835978434990671,
        0.0,
        0.7673108511283252,
        0.3013046194312709,
        0.5889571657536653,
        0.23293245598732934,
        0.22900098477913594,
        0.42274055951256423,
        0.23307202261446505,
        0.43061636503844,
        0.6277339853335151,
        0.9458510234422364,
        0.43051099299023654,
        0.5031638400034416,
        0.6838434906742423,
        0.4557877344062453
      ],
      [
        0.7644371592678855,
        0.811745324794404,
        0.5505932369495429,
        0.6823578025299484,
        0.3797107353158997,
        0.7673108511283252,
        0.0,
        0.7851196842342719,
        1.0727722305566663,
        0.6364277148923058,
        0.8673641499686702,
        0.4453170831892806,
        0.8630964709394009,
        0.7094957779057298,
        0.9356392475788011,
        0.6466457646021945,
        0.722521435680776,
        0.7201573907922652,
        0.28384523203757445,
        1.2048143738414714
      ],
      [
        0.7187236667611006,
        0.3063749675696154,
        0.7097422686613781,
        0.8415068342417836,
        0.6366158717312757,
        0.3013046194312709,
        0.7851196842342719,
        0.0,
        0.2876525463223944,
        0.48583790094132284,
        0.0822444657343983,
        0.6533481628796992,
        0.3196502971823199,
        0.5060990306402888,
        0.5707545832912408,
        1.081003000910247,
        0.6781071390472942,
        0.7555370520755647,
        0.8368615189064508,
        0.7159931156353225
      ],
      [
        0.9063177947205415,
        0.5940275138920098,
        0.5686052746375276,
        0.7003698402179331,
        0.7070691601333712,
        0.5889571657536653,
        1.0727722305566663,
        0.2876525463223944,
        0.0,
        0.6630485100252154,
        0.3698970120567927,
        0.691371918026912,
        0.5796269913772216,
        0.3772841175435411,
        0.28310203696884645,
        1.1950326201801578,
        0.8606270470281225,
        0.9332798940413276,
        0.8196888515777433,
        1.003645661957717
      ],
      [
        0.24326928469532616,
        0.19127277676148982,
        0.5210596015194897,
        0.6528241670998952,
        0.28787827328046384,
        0.23293245598732934,
        0.6364277148923058,
        0.48583790094132284,
        0.6630485100252154,
        0.0,
        0.4326388045310958,
        0.21775624708007302,
        0.22666875604709516,
        0.4290116298807758,
        0.6533059210463952,
        0.712918567454907,
        0.1975785370029072,
        0.27023138401611224,
        0.4857463090160093,
        0.6798714751636027
      ],
      [
        0.6578010533621624,
        0.24471289993641662,
        0.6274978029269799,
        0.7592623685073854,
        0.6426461781418977,
        0.22900098477913594,
        0.8673641499686702,
        0.0822444657343983,
        0.3698970120567927,
        0.4326388045310958,
        0.0,
        0.571103697145301,
        0.29937035279985313,
        0.4238545649058906,
        0.6529990490256392,
        1.06072305652778,
        0.6187522730644199,
        0.6990223607500817,
        0.8392233872520836,
        0.6337622406939839
      ],
      [
        0.32454270508663263,
        0.36642824160512333,
        0.3033033544394167,
        0.4350679200198222,
        0.07154248099659682,
        0.42274055951256423,
        0.4453170831892806,
        0.6533481628796992,
        0.691371918026912,
        0.21775624708007302,
        0.571103697145301,
        0.0,
        0.44442500312716815,
        0.4013275235864269,
        0.6274709932594982,
        0.643463458709197,
        0.27976804087302765,
        0.2941691185842439,
        0.26811969010678255,
        0.7620609790337232
      ],
      [
        0.46727880141065775,
        0.1750958545906421,
        0.4157703956836793,
        0.5475349612640847,
        0.514547029327559,
        0.23307202261446505,
        0.8630964709394009,
        0.3196502971823199,
        0.5796269913772216,
        0.22666875604709516,
        0.29937035279985313,
        0.44442500312716815,
        0.0,
        0.2023428738336806,
        0.42663716499930004,
        0.761352703727927,
        0.4196226280271635,
        0.4969001400632074,
        0.6465833690632039,
        0.6888597570207103
      ],
      [
        0.6696216752443384,
        0.3756228266919787,
        0.2134275218499987,
        0.3451920874304042,
        0.3297850425898301,
        0.43061636503844,
        0.7094957779057298,
        0.5060990306402888,
        0.3772841175435411,
        0.4290116298807758,
        0.4238545649058906,
        0.4013275235864269,
        0.2023428738336806,
