{
  "sol": {
    "z": 1.242573211410345,
    "tours": [
      [
        0,
        8
      ],
      [
        1,
        4
      ],
      [
        2,
        0
      ],
      [
        3,
        9
      ]
    ]
  },
  "params": {
    "gm": [
      [
        0.0,
        0.2714152319303022,
        0.21687054797104388,
        0.3996170904304269,
        0.2607272951826174,
        0.21197768473209674,
        0.18461012969419902,
        0.316988341206023,
        0.38756146385328455,
        0.5560474894266203
      ],
      [
        0.2714152319303022,
        0.0,
        0.4882857799013461,
        0.647614136443981,
        0.03178145970248931,
        0.3876714947084841,
        0.346551856569984,
        0.4823802461653625,
        0.6407150943222545,
        0.7195452598286267
      ],
      [
        0.21687054797104388,
        0.4882857799013461,
        0.0,
        0.43389520437706974,
        0.4775978431536613,
        0.1411990264428974,
        0.39670350554924905,
        0.5333799557483557,
        0.46059063051946414,
        0.7708241360090309
      ],
      [
        0.3996170904304269,
        0.647614136443981,
        0.43389520437706974,
        0.0,
        0.6270737926586599,
        0.5750942308199671,
        0.5842272201246259,
        0.5587956663977706,
        0.026695426142394372,
        0.6212866057051725
      ],
      [
        0.2607272951826174,
        0.03178145970248931,
        0.4775978431536613,
        0.6270737926586599,
        0.0,
        0.3558900350059948,
        0.3529599969123435,
        0.4917342333372922,
        0.6211830268284139,
        0.7270329072871996
      ],
      [
        0.21197768473209674,
        0.3876714947084841,
        0.1411990264428974,
        0.5750942308199671,
        0.3558900350059948,
        0.0,
        0.39018283936148745,
        0.5074472771444737,
        0.5995391485853813,
        0.7465064253650711
      ],
      [
        0.18461012969419902,
        0.346551856569984,
        0.39670350554924905,
        0.5842272201246259,
        0.3529599969123435,
        0.39018283936148745,
        0.0,
        0.14295950811964142,
        0.5721715935474836,
        0.3741206304597818
      ],
      [
        0.316988341206023,
        0.4823802461653625,
        0.5333799557483557,
        0.5587956663977706,
        0.4917342333372922,
        0.5074472771444737,
        0.14295950811964142,
        0.0,
        0.5321002402553762,
        0.23905914822059735
      ],
      [
        0.38756146385328455,
        0.6407150943222545,
        0.46059063051946414,
        0.026695426142394372,
        0.6211830268284139,
        0.5995391485853813,
        0.5721715935474836,
        0.5321002402553762,
        0.0,
        0.5946899590812303
      ],
      [
        0.5560474894266203,
        0.7195452598286267,
        0.7708241360090309,
        0.6212866057051725,
        0.7270329072871996,
        0.7465064253650711,
        0.3741206304597818,
        0.23905914822059735,
        0.5946899590812303,
        0.0
      ]
    ],
    "gc": [
      [
        true,
        false,
        false,
        false,
        true,
        false,
        false,
        false,
        false,
        false
      ],
      [
        false,
        true,
        false,
        false,
        false,
        false,
        true,
        false,
        false,
        false
      ],
      [
        false,
        false,
        true,
        false,
        false,
        false,
        false,
        false,
        false,
        false
      ],
      [
        false,
        false,
        false,
        true,
        false,
        false,
        false,
        false,
        true,
        false
      ],
      [
        true,
        false,
        false,
        false,
        true,
        false,
        false,
        false,
        false,
        false
      ],
      [
        false,
        false,
        false,
        false,
        false,
        true,
        false,
        false,
        false,
        false
      ],
      [
        false,
        true,
        false,
        false,
        false,
        false,
        true,
        true,
        false,
        false
      ],
      [
        false,
        false,
        false,
        false,
        false,
        false,
        true,
        true,
        false,
        false
      ],
      [
        false,
        false,
        false,
        true,
        false,
        false,
        false,
        false,
        true,
        false
      ],
      [
        false,
        false,
        false,
        false,
        false,
        false,
        false,
        false,
        false,
        true
      ]
    ],
    "vs": [
      true,
      true,
      true,
      true,
      false,
      false,
      false,
      false,
      false,
      false
    ],
    "b": 9,
    "r": 10,
    "fselect_edge": "select_edge_min_gt",
    "n": 10,
    "__rnd_id__": 0,
    "__scn_id__": 0
  },
  "info": {
    "sol_time": 0.004153728485107422,
    "check_msgs": []
  }
}