{
  "sol": {
    "z": 1.5844023964299694,
    "tours": [
      [
        0,
        7
      ],
      [
        1,
        5
      ],
      [
        2,
        1
      ],
      [
        3,
        2
      ]
    ]
  },
  "params": {
    "gm": [
      [
        0.0,
        0.4929172813156693,
        1.063032763827327,
        1.5665959924086748,
        0.9477572941231812,
        1.236837984977864,
        0.4392075665178113,
        0.14342216012600578,
        0.9097483568216611,
        1.2040064692486478
      ],
      [
        0.4929172813156693,
        0.0,
        0.5701154825116577,
        1.2252254642243754,
        1.0812818890696674,
        0.7922011982149847,
        0.6945995627312831,
        0.6363394414416751,
        0.41683107550599174,
        0.9481166402969203
      ],
      [
        1.063032763827327,
        0.5701154825116577,
        0.0,
        0.6551099817127176,
        0.5218878062291129,
        0.23280711537443025,
        1.2472091221598394,
        1.2064549239533329,
        0.6773152255883916,
        0.37833215350881044
      ],
      [
        1.5665959924086748,
        1.2252254642243754,
        0.6551099817127176,
        0.0,
        0.6188386982854935,
        0.8879170970871478,
        1.743964842061989,
        1.7100181525346807,
        1.3324252073011094,
        0.8750878734109602
      ],
      [
        0.9477572941231812,
        1.0812818890696674,
        0.5218878062291129,
        0.6188386982854935,
        0.0,
        0.28908069085468263,
        1.1251261437764954,
        1.091179454249187,
        1.112320296097667,
        0.2562491751254666
      ],
      [
        1.236837984977864,
        0.7922011982149847,
        0.23280711537443025,
        0.8879170970871478,
        0.28908069085468263,
        0.0,
        1.0403752103991792,
        1.3802601451038696,
        0.8232396052429845,
        0.1714982417481504
      ],
      [
        0.4392075665178113,
        0.6945995627312831,
        1.2472091221598394,
        1.743964842061989,
        1.1251261437764954,
        1.0403752103991792,
        0.0,
        0.570476634818942,
        1.111430638237275,
        0.8688769686510288
      ],
      [
        0.14342216012600578,
        0.6363394414416751,
        1.2064549239533329,
        1.7100181525346807,
        1.091179454249187,
        1.3802601451038696,
        0.570476634818942,
        0.0,
        0.8339501917974098,
        1.3474286293746536
      ],
      [
        0.9097483568216611,
        0.41683107550599174,
        0.6773152255883916,
        1.3324252073011094,
        1.112320296097667,
        0.8232396052429845,
        1.111430638237275,
        0.8339501917974098,
        0.0,
        0.9945749064251411
      ],
      [
        1.2040064692486478,
        0.9481166402969203,
        0.37833215350881044,
        0.8750878734109602,
        0.2562491751254666,
        0.1714982417481504,
        0.8688769686510288,
        1.3474286293746536,
        0.9945749064251411,
        0.0
      ]
    ],
    "gc": [
      [
        true,
        false,
        false,
        false,
        false,
        false,
        false,
        false,
        false,
        false
      ],
      [
        false,
        true,
        false,
        false,
        false,
        false,
        false,
        true,
        false,
        false
      ],
      [
        false,
        false,
        true,
        false,
        false,
        false,
        false,
        false,
        false,
        false
      ],
      [
        false,
        false,
        false,
        true,
        false,
        false,
        false,
        false,
        false,
        false
      ],
      [
        false,
        false,
        false,
        false,
        true,
        false,
        false,
        false,
        false,
        false
      ],
      [
        false,
        false,
        false,
        false,
        false,
        true,
        false,
        false,
        false,
        true
      ],
      [
        false,
        false,
        false,
        false,
        false,
        false,
        true,
        false,
        false,
        false
      ],
      [
        false,
        true,
        false,
        false,
        false,
        false,
        false,
        true,
        false,
        false
      ],
      [
        false,
        false,
        false,
        false,
        false,
        false,
        false,
        false,
        true,
        false
      ],
      [
        false,
        false,
        false,
        false,
        false,
        true,
        false,
        false,
        false,
        true
      ]
    ],
    "vs": [
      true,
      true,
      true,
      true,
      false,
      false,
      false,
      false,
      false,
      false
    ],
    "b": 9,
    "r": 10,
    "fselect_edge": "select_edge_min_gt",
    "n": 10,
    "__rnd_id__": 1,
    "__scn_id__": 0
  },
  "info": {
    "sol_time": 0.0038743019104003906,
    "check_msgs": []
  }
}