{
  "sol": {
    "z": 1.9261977198150964,
    "tours": [
      [
        0,
        6
      ],
      [
        1,
        9
      ],
      [
        2,
        5
      ],
      [
        3,
        1
      ]
    ]
  },
  "params": {
    "gm": [
      [
        0.0,
        0.606197117386139,
        0.4960033139504871,
        0.817582424353723,
        0.5258362255948437,
        0.3616421262453067,
        0.18754826435565053,
        0.8158449234429506,
        0.6371233548899755,
        1.0945948352139516
      ],
      [
        0.606197117386139,
        0.0,
        0.8393153670254235,
        0.21138530696758392,
        0.865177360855899,
        0.8357086128536472,
        0.7937453817417895,
        0.4862436460909787,
        0.698195326085935,
        0.9630988599075482
      ],
      [
        0.4960033139504871,
        0.8393153670254235,
        0.0,
        0.9005344820568324,
        0.0501138686592197,
        0.2802849970231622,
        0.40184054965169735,
        0.9834099744633803,
        0.14112004093948846,
        1.3088871205099983
      ],
      [
        0.817582424353723,
        0.21138530696758392,
        0.9005344820568324,
        0.0,
        0.9498457789527939,
        1.047093919821231,
        0.9031549982106948,
        0.27485833912339475,
        0.909580633053519,
        0.7517135529399642
      ],
      [
        0.5258362255948437,
        0.865177360855899,
        0.0501138686592197,
        0.9498457789527939,
        0.0,
        0.2746555489680691,
        0.416244259396276,
        1.0092719682938558,
        0.166982034769964,
        1.323290830254577
      ],
      [
        0.3616421262453067,
        0.8357086128536472,
        0.2802849970231622,
        1.047093919821231,
        0.2746555489680691,
        0.0,
        0.18890521666487964,
        0.8172018757521797,
        0.41963885032813475,
        1.0957658331376483
      ],
      [
        0.18754826435565053,
        0.7937453817417895,
        0.40184054965169735,
        0.9031549982106948,
        0.416244259396276,
        0.18890521666487964,
        0.0,
        0.6282966590873,
        0.5226303380427921,
        0.907046570858301
      ],
      [
        0.8158449234429506,
        0.4862436460909787,
        0.9834099744633803,
        0.27485833912339475,
        1.0092719682938558,
        0.8172018757521797,
        0.6282966590873,
        0.0,
        0.8422899335238918,
        0.5415051557422473
      ],
      [
        0.6371233548899755,
        0.698195326085935,
        0.14112004093948846,
        0.909580633053519,
        0.166982034769964,
        0.41963885032813475,
        0.5226303380427921,
        0.8422899335238918,
        0.0,
        1.3031555196005025
      ],
      [
        1.0945948352139516,
        0.9630988599075482,
        1.3088871205099983,
        0.7517135529399642,
        1.323290830254577,
        1.0957658331376483,
        0.907046570858301,
        0.5415051557422473,
        1.3031555196005025,
        0.0
      ]
    ],
    "gc": [
      [
        true,
        false,
        false,
        false,
        false,
        false,
        false,
        false,
        false,
        false
      ],
      [
        false,
        true,
        false,
        false,
        false,
        false,
        true,
        false,
        false,
        false
      ],
      [
        false,
        false,
        true,
        false,
        true,
        false,
        false,
        false,
        true,
        false
      ],
      [
        false,
        false,
        false,
        true,
        false,
        false,
        false,
        false,
        false,
        false
      ],
      [
        false,
        false,
        true,
        false,
        true,
        false,
        false,
        false,
        true,
        false
      ],
      [
        false,
        false,
        false,
        false,
        false,
        true,
        true,
        false,
        false,
        false
      ],
      [
        false,
        true,
        false,
        false,
        false,
        true,
        true,
        false,
        false,
        false
      ],
      [
        false,
        false,
        false,
        false,
        false,
        false,
        false,
        true,
        false,
        false
      ],
      [
        false,
        false,
        true,
        false,
        true,
        false,
        false,
        false,
        true,
        false
      ],
      [
        false,
        false,
        false,
        false,
        false,
        false,
        false,
        false,
        false,
        true
      ]
    ],
    "vs": [
      true,
      true,
      true,
      true,
      false,
      false,
      false,
      false,
      false,
      false
    ],
    "b": 9,
    "r": 8,
    "fselect_edge": "select_edge_min_gt",
    "n": 10,
    "__rnd_id__": 2,
    "__scn_id__": 0
  },
  "info": {
    "sol_time": 0.0044765472412109375,
    "check_msgs": []
  }
}