{
  "sol": {
    "z": 1.518490940557115,
    "tours": [
      [
        0,
        3,
        2
      ],
      [
        1,
        9
      ]
    ]
  },
  "params": {
    "gm": [
      [
        0.0,
        0.7550073805574563,
        0.5497130537688351,
        0.4105795465100534,
        0.30906870606896286,
        0.5064639322750784,
        0.6676877254975895,
        0.9178085485695173,
        0.46116061658868734,
        0.944415205812472
      ],
      [
        0.7550073805574563,
        0.0,
        0.9496285292774233,
        0.654075300678537,
        0.7537403452787304,
        0.6105282281261277,
        0.39512132585010384,
        0.6452421489220317,
        0.6861246327763892,
        0.18940782525501565
      ],
      [
        0.5497130537688351,
        0.9496285292774233,
        0.0,
        0.5581983402782266,
        0.536495527357411,
        0.33910030115129547,
        0.5545072034273194,
        0.8046280264992474,
        0.6087794103568605,
        1.1251414623179659
      ],
      [
        0.4105795465100534,
        0.654075300678537,
        0.5581983402782266,
        0.0,
        0.10224235065854505,
        0.21952670755091971,
        0.3415843770049193,
        0.5917052000768471,
        0.05058107007863391,
        0.842552685678451
      ],
      [
        0.30906870606896286,
        0.7537403452787304,
        0.536495527357411,
        0.10224235065854505,
        0.0,
        0.19739522620611555,
        0.35861901942862656,
        0.6087398425005545,
        0.15282342073717897,
        0.9292532783192731
      ],
      [
        0.5064639322750784,
        0.6105282281261277,
        0.33910030115129547,
        0.21952670755091971,
        0.19739522620611555,
        0.0,
        0.2154069022760239,
        0.46552772534795184,
        0.2701077776295536,
        0.7860411611666703
      ],
      [
        0.6676877254975895,
        0.39512132585010384,
        0.5545072034273194,
        0.3415843770049193,
        0.35861901942862656,
        0.2154069022760239,
        0.0,
        0.2501208230719279,
        0.29100330692628534,
        0.5706342588906465
      ],
      [
        0.9178085485695173,
        0.6452421489220317,
        0.8046280264992474,
        0.5917052000768471,
        0.6087398425005545,
        0.46552772534795184,
        0.2501208230719279,
        0.0,
        0.5411241299982132,
        0.820068666917502
      ],
      [
        0.46116061658868734,
        0.6861246327763892,
        0.6087794103568605,
        0.05058107007863391,
        0.15282342073717897,
        0.2701077776295536,
        0.29100330692628534,
        0.5411241299982132,
        0.0,
        0.8369159846670274
      ],
      [
        0.944415205812472,
        0.18940782525501565,
        1.1251414623179659,
        0.842552685678451,
        0.9292532783192731,
        0.7860411611666703,
        0.5706342588906465,
        0.820068666917502,
        0.8369159846670274,
        0.0
      ]
    ],
    "gc": [
      [
        true,
        false,
        false,
        false,
        false,
        false,
        false,
        false,
        false,
        true
      ],
      [
        false,
        true,
        false,
        false,
        false,
        false,
        false,
        false,
        false,
        false
      ],
      [
        false,
        false,
        true,
        false,
        false,
        false,
        false,
        false,
        false,
        false
      ],
      [
        false,
        false,
        false,
        true,
        true,
        false,
        false,
        false,
        true,
        false
      ],
      [
        false,
        false,
        false,
        true,
        true,
        true,
        false,
        false,
        false,
        false
      ],
      [
        false,
        false,
        false,
        false,
        true,
        true,
        false,
        false,
        false,
        false
      ],
      [
        false,
        false,
        false,
        false,
        false,
        false,
        true,
        false,
        false,
        false
      ],
      [
        false,
        false,
        false,
        false,
        false,
        false,
        false,
        true,
        false,
        false
      ],
      [
        false,
        false,
        false,
        true,
        false,
        false,
        false,
        false,
        true,
        false
      ],
      [
        true,
        false,
        false,
        false,
        false,
        false,
        false,
        false,
        false,
        true
      ]
    ],
    "vs": [
      true,
      true,
      true,
      true,
      false,
      false,
      false,
      false,
      false,
      false
    ],
    "b": 9,
    "r": 2,
    "fselect_edge": "select_edge_min_gt",
    "n": 10,
    "__rnd_id__": 6,
    "__scn_id__": 0
  },
  "info": {
    "sol_time": 0.0029244422912597656,
    "check_msgs": []
  }
}