{
  "sol": {
    "z": 1.5275201678297456,
    "tours": [
      [
        0,
        14
      ],
      [
        1,
        14
      ],
      [
        2,
        0
      ],
      [
        3,
        17
      ],
      [
        4,
        14
      ],
      [
        5,
        3
      ],
      [
        6,
        19,
        1
      ],
      [
        7
      ]
    ]
  },
  "params": {
    "gm": [
      [
        0.0,
        0.9416087584557745,
        0.1963645704329604,
        0.587689936758365,
        0.9352087372171123,
        0.39264717247859005,
        1.2258564690105653,
        0.325697588589059,
        0.77465243251192,
        1.3074925228358438,
        0.9718744824059307,
        1.0346123011670525,
        0.844113490140979,
        1.0112377185123052,
        0.5797099677949368,
        0.7535900328346941,
        0.9577247260360762,
        0.6046060833273215,
        0.7283363749941824,
        1.4175694785929074
      ],
      [
        0.9416087584557745,
        0.0,
        1.137973328888735,
        0.7593280756231284,
        0.18841473249085275,
        0.9276583160555918,
        0.5065234665377077,
        0.8624111397627893,
        0.404948491480715,
        0.9458113798404939,
        0.6738217217582742,
        0.1838820948130378,
        0.5515964500012525,
        0.32202474197977643,
        0.5439135019130282,
        0.6969745714520567,
        0.22742610223912968,
        0.550798265514845,
        0.834854167893879,
        0.7633860105093795
      ],
      [
        0.1963645704329604,
        1.137973328888735,
        0.0,
        0.733186988833387,
        1.1315733076500727,
        0.5890117429115505,
        1.4222210394435257,
        0.5220621590220194,
        0.9710170029448804,
        1.503857093268804,
        1.1682390528388908,
        1.230976871600013,
        1.0404780605739394,
        1.2076022889452656,
        0.7760745382278972,
        0.9499546032676545,
        1.1540892964690366,
        0.8009706537602819,
        0.8738334270692043,
        1.6139340490258678
      ],
      [
        0.587689936758365,
        0.7593280756231284,
        0.733186988833387,
        0.0,
        0.6063134967792281,
        0.19504276427977493,
        1.0008715040419223,
        0.3092852586170084,
        0.3929184394178409,
        1.1904455123367748,
        0.9544710655885654,
        0.7057170607291683,
        0.5407681881284265,
        0.6908803678897699,
        0.2763646657823843,
        0.7350699346222883,
        0.6410143932797501,
        0.25135938922466494,
        0.1406464382358174,
        1.2425221599122371
      ],
      [
        0.9352087372171123,
        0.18841473249085275,
        1.1315733076500727,
        0.6063134967792281,
        0.0,
        0.7392435835647391,
        0.6949381990285605,
        0.6739964072719365,
        0.2263468597202724,
        0.8613328489773964,
        0.7323713786440551,
        0.09940356394994015,
        0.6199022917682178,
        0.5104394744706292,
        0.3554987694221755,
        0.8322443281192907,
        0.08079134682281366,
        0.36238353302399223,
        0.6464394354030262,
        0.9518007430002322
      ],
      [
        0.39264717247859005,
        0.9276583160555918,
        0.5890117429115505,
        0.19504276427977493,
        0.7392435835647391,
        0.0,
        1.0118492803755026,
        0.11424249433723344,
        0.5879612036976158,
        1.0950463417387035,
        0.7594283013087905,
        0.8386471475146793,
        0.7358109524082015,
        0.8859231321695449,
        0.47140743006215924,
        0.5400271703425134,
        0.8200349303875527,
        0.4464021535044399,
        0.3356892025155923,
        1.2051232974957673
      ],
      [
        1.2258564690105653,
        0.5065234665377077,
        1.4222210394435257,
        1.0008715040419223,
        0.6949381990285605,
        1.0118492803755026,
        0.0,
        0.9001588804215063,
        0.9114719580184227,
        1.0053797874383479,
        0.6697617470084346,
        0.6904055613507456,
        0.5206395122597998,
        0.3167847750311835,
        0.747794911474152,
        0.6917346045034638,
        0.717457604317547,
        0.7882231486429989,
        1.0722790510220328,
        0.25761069078265825
      ],
      [
        0.325697588589059,
        0.8624111397627893,
        0.5220621590220194,
        0.3092852586170084,
        0.6739964072719365,
        0.11424249433723344,
        0.9001588804215063,
        0.0,
        0.7022036980348493,
        0.9817949342467847,
        0.6461768938168716,
        0.7733999712218766,
        0.6781669372231046,
        0.8028422737179153,
        0.5856499243993927,
        0.4278924442456351,
        0.7547877540947502,
        0.5606446478416733,
        0.44993169685282575,
        1.0918718900038484
      ],
      [
        0.77465243251192,
        0.404948491480715,
        0.9710170029448804,
        0.3929184394178409,
        0.2263468597202724,
        0.5879612036976158,
        0.9114719580184227,
        0.7022036980348493,
        0.0,
        0.797527072918934,
        0.7654739172622141,
        0.32575042367021256,
        0.4014594328322097,
        0.6266576568645481,
        0.19512990614717987,
        0.6517339258096793,
        0.2488153693070583,
        0.17743111583523738,
        0.4614870182142713,
        1.1683345019900946
      ],
      [
        1.3074925228358438,
        0.9458113798404939,
        1.503857093268804,
        1.1904455123367748,
        0.8613328489773964,
        1.0950463417387035,
        1.0053797874383479,
        0.9817949342467847,
        0.797527072918934,
        0.0,
        0.3356180404299131,
        0.7619292850274562,
        0.8075674129040341,
        0.6885950124071643,
        0.9926569790661138,
        0.5572929199265646,
        0.9421219095823541,
        0.9749581887541714,
        1.2590140911332053,
        0.7716746361990088
      ],
      [
        0.9718744824059307,
        0.6738217217582742,
        1.1682390528388908,
        0.9544710655885654,
        0.7323713786440551,
        0.7594283013087905,
        0.6697617470084346,
        0.6461768938168716,
        0.7654739172622141,
        0.3356180404299131,
        0.0,
        0.6329678146941149,
        0.47194937247412105,
        0.3529769719772511,
        0.6984204381937668,
        0.22167487949665154,
        0.8131604392490128,
        0.7424138287040513,
        1.0264697310830853,
        0.44569499618697683
      ],
      [
        1.0346123011670525,
        0.1838820948130378,
        1.230976871600013,
        0.7057170607291683,
        0.09940356394994015,
        0.8386471475146793,
        0.6904055613507456,
        0.7733999712218766,
        0.32575042367021256,
        0.7619292850274562,
        0.6329678146941149,
        0.0,
        0.7193058557181579,
        0.5059068367928142,
        0.45490233337211566,
        0.8546426941907664,
        0.18019262455489796,
        0.4617870969739324,
        0.7458429993529663,
        0.9472681053224172
      ],
      [
        0.844113490140979,
        0.5515964500012525,
        1.0404780605739394,
        0.5407681881284265,
        0.6199022917682178,
        0.7358109524082015,
        0.5206395122597998,
        0.6781669372231046,
        0.4014594328322097,
        0.8075674129040341,
        0.47194937247412105,
        0.7193058557181579,
        0.0,
        0.22957170802147603,
        0.2644035223460422,
        0.2502744929774695,
        0.650274802139268,
        0.3083881065184296,
        0.5924440088974636,
        0.7782502030424581
      ],
      [
        1.0112377185123052,
        0.32202474197977643,
        1.2076022889452656,
        0.6908803678897699,
        0.5104394744706292,
        0.8859231321695449,
        0.3167847750311835,
        0.8028422737179153,
        0.6266576568645481,
        0.6885950124071643,
