{
  "sol": {
    "z": 1.4484290728724596,
    "tours": [
      [
        0,
        4,
        7
      ],
      [
        1,
        19
      ],
      [
        2,
        3,
        6,
        12
      ],
      [
        5,
        11
      ]
    ]
  },
  "params": {
    "gm": [
      [
        0.0,
        0.4589358439362695,
        0.677418951567312,
        0.689694387505246,
        0.08563216031843243,
        0.6596515833829392,
        0.8989743169462588,
        0.2651274162993166,
        0.814460262933675,
        0.7830276376983495,
        0.5356510119508853,
        0.1685196989801005,
        0.3953857579852329,
        0.7781122547516742,
        0.23483086116822235,
        0.5577201390013816,
        0.9601811861132049,
        0.2952885314678798,
        0.5786138394435553,
        0.9634314738146609
      ],
      [
        0.4589358439362695,
        0.0,
        0.7037961538214779,
        0.6966231045958857,
        0.4030377506129577,
        0.9792265860614922,
        0.6658638395873782,
        0.5825330065938419,
        0.35552441899740556,
        0.45528940883568236,
        0.8529622436460489,
        0.485830930675264,
        0.09147179785665055,
        0.3748844129750338,
        0.33862429173749886,
        0.09878429506511209,
        0.5012453421769355,
        0.6106860758692825,
        0.11967799550728571,
        0.5629502234521844
      ],
      [
        0.677418951567312,
        0.7037961538214779,
        0.0,
        0.012275435937933966,
        0.7630511118857445,
        0.7130749058404551,
        0.2215553653789468,
        0.9425463678666286,
        0.5702338776659254,
        0.27733821546884824,
        0.8477395346410344,
        0.8459386505474125,
        0.6227055746045348,
        0.6837273922518099,
        0.8726216531740273,
        0.8013989848380197,
        0.5241343414158682,
        0.9357469189034913,
        0.8182117645549303,
        0.7400483582324942
      ],
      [
        0.689694387505246,
        0.6966231045958857,
        0.012275435937933966,
        0.0,
        0.7753265478236785,
        0.7013837484527643,
        0.20986420799125594,
        0.9548218038045626,
        0.5600280244628211,
        0.267132362265744,
        0.8375336814379302,
        0.8582140864853465,
        0.6161971036338251,
        0.6735215390487057,
        0.8661131822033176,
        0.7944215640537744,
        0.5120112331405308,
        0.9240557615158004,
        0.8105741447183604,
        0.727895188047345
      ],
      [
        0.08563216031843243,
        0.4030377506129577,
        0.7630511118857445,
        0.7753265478236785,
        0.0,
        0.6777914962550641,
        0.9151498070950419,
        0.17949525598088417,
        0.7585621696103633,
        0.6992078324694238,
        0.5561463430167791,
        0.18969098389534078,
        0.31156595275630716,
        0.6985730968532139,
        0.1873480166935287,
        0.49290139054024823,
        0.9042830927898932,
        0.31645981638312015,
        0.5222884584576952,
        0.8777993134962284
      ],
      [
        0.6596515833829392,
        0.9792265860614922,
        0.7130749058404551,
        0.7013837484527643,
        0.6777914962550641,
        0.0,
        0.4915195404615083,
        0.8572867522359482,
        0.9769376096232266,
        0.7094882525872476,
        0.20519262153992301,
        0.4933956553862281,
        0.8954748262159407,
        1.0160021014958769,
        0.6547634062883575,
        1.039744775790545,
        0.8312166864436967,
        0.6201644878740075,
        1.0869131362879898,
        1.0394709639289066
      ],
      [
        0.8989743169462588,
        0.6658638395873782,
        0.2215553653789468,
        0.20986420799125594,
        0.9151498070950419,
        0.4915195404615083,
        0.0,
        0.8050922703026869,
        0.48541806916171837,
        0.2179687121257393,
        0.6967121620014314,
        0.8409603860123238,
        0.6035838543387347,
        0.5244825610343685,
        0.8534999329082272,
        0.7636168986736609,
        0.3396971459821884,
        0.7141915535245444,
        0.7793097578592008,
        0.5479514234673983
      ],
      [
        0.2651274162993166,
        0.5825330065938419,
        0.9425463678666286,
        0.9548218038045626,
        0.17949525598088417,
        0.8572867522359482,
        0.8050922703026869,
        0.0,
        0.9380574255912475,
        0.878703088450308,
        0.7356415989976632,
        0.36918623987622495,
        0.49106120873719133,
        0.878068352834098,
        0.36684327267441286,
        0.6723966465211324,
        1.0837783487707773,
        0.49595507236400427,
        0.7017837144385795,
        1.0572945694771125
      ],
      [
        0.814460262933675,
        0.35552441899740556,
        0.5702338776659254,
        0.5600280244628211,
        0.7585621696103633,
        0.9769376096232266,
        0.48541806916171837,
        0.9380574255912475,
        0.0,
        0.29289566219707713,
        0.8632969813692632,
        0.648732285783212,
        0.4469962168540561,
        0.11349351458588457,
        0.6911599330897553,
        0.4330011815233414,
        0.14572092317952992,
        0.7755011182709913,
        0.4104941315261413,
        0.2501536125659572
      ],
      [
        0.7830276376983495,
        0.45528940883568236,
        0.27733821546884824,
        0.267132362265744,
        0.6992078324694238,
        0.7094882525872476,
        0.2179687121257393,
        0.878703088450308,
        0.29289566219707713,
        0.0,
        0.5704013191721862,
        0.7897210505428292,
        0.3876418797131166,
        0.4063891767829617,
        0.6375579582826091,
        0.5539611581091184,
        0.2937387672590539,
        0.9158853178461496,
        0.5613410457334614,
        0.5026116213824802
      ],
      [
        0.5356510119508853,
        0.8529622436460489,
        0.8477395346410344,
        0.8375336814379302,
        0.5561463430167791,
        0.20519262153992301,
        0.6967121620014314,
        0.7356415989976632,
        0.8632969813692632,
        0.5704013191721862,
        0.0,
        0.36713131297078483,
        0.7692104838004974,
        0.9767904959551479,
        0.5284990638729142,
        0.9134804333751015,
        0.8638082133453224,
        0.4939001454585642,
        0.9606487938725466,
        1.0730129405546665
      ],
      [
        0.1685196989801005,
        0.485830930675264,
        0.8459386505474125,
        0.8582140864853465,
        0.18969098389534078,
        0.4933956553862281,
        0.8409603860123238,
        0.36918623987622495,
        0.648732285783212,
        0.7897210505428292,
        0.36713131297078483,
        0.0,
        0.4020791708297126,
        0.7390341694060002,
        0.16136775090212943,
        0.5463491204043167,
        0.7944532089627419,
        0.12676883248777934,
        0.5935174809017618,
        0.8988858983491692
      ],
      [
        0.3953857579852329,
        0.09147179785665055,
        0.6227055746045348,
        0.6161971036338251,
        0.31156595275630716,
        0.8954748262159407,
        0.6035838543387347,
        0.49106120873719133,
        0.4469962168540561,
        0.3876418797131166,
        0.7692104838004974,
        0.4020791708297126,
        0.0,
        0.3949424587728741,
        0.24991607856949252,
        0.18133543778394107,
        0.592717140033586,
        0.528243438133033,
        0.21072250570138806,
        0.5801281967184232
      ],
      [
        0.7781122547516742,
        0.3748844129750338,
        0.6837273922518099,
        0.6735215390487057,
        0.6985730968532139,
        1.0160021014958769,
        0.5244825610343685,
        0.878068352834098,
        0.11349351458588457,
        0.4063891767829617,
        0.9767904959551479,
        0.7390341694060002,
        0.3949424587728741,
        0.0,
