{
  "sol": {
    "z": 1.2003754458392142,
    "tours": [
      [
        0,
        17
      ],
      [
        1,
        18
      ],
      [
        2,
        0
      ],
      [
        3
      ],
      [
        4,
        2,
        5
      ],
      [
        6,
        19,
        4,
        7
      ]
    ]
  },
  "params": {
    "gm": [
      [
        0.0,
        0.5127476198858214,
        0.390741222987891,
        0.24957015810224092,
        0.6094033851187961,
        0.790901113026553,
        0.8544953463381337,
        0.6974906559802365,
        0.843113913830969,
        0.7066775642107652,
        0.7667456859241811,
        0.3961188015212338,
        0.4187047005787331,
        0.38719086540747916,
        0.40188891325176923,
        0.42633486393863473,
        0.899527538823117,
        0.1539340588505425,
        0.45730757956447426,
        1.0357366847663192
      ],
      [
        0.5127476198858214,
        0.0,
        0.8230844480556878,
        0.27059979909707527,
        0.9240405223845617,
        1.0404296109669018,
        0.963588893875691,
        0.8064132923377764,
        0.9311370074830876,
        0.9967997315774262,
        0.9550799337333806,
        0.4441937656662022,
        0.40863024496677036,
        0.5823458677844362,
        0.43918854224625464,
        0.09334807538592603,
        1.1381224788108815,
        0.39252899883830705,
        0.06469296189971578,
        0.9713990040575923
      ],
      [
        0.390741222987891,
        0.8230844480556878,
        0.0,
        0.5524846489586125,
        0.21992508711374656,
        0.40142281502150345,
        0.4637541233502428,
        0.3067494329923455,
        0.452372690843078,
        0.3172099566977877,
        0.37600446293629014,
        0.6689689596639197,
        0.7045324803633516,
        0.7779320883953702,
        0.5801286276954691,
        0.7472975327577985,
        0.5118058234857672,
        0.5446752818384335,
        0.7760332687186049,
        0.7054275268470828
      ],
      [
        0.24957015810224092,
        0.27059979909707527,
        0.5524846489586125,
        0.0,
        0.7724097360723591,
        0.9539074639801159,
        0.875268840866607,
        0.7180932393286923,
        0.8428169544740034,
        0.8696946056564001,
        0.8810052441047125,
        0.35587371265711815,
        0.35713413548307754,
        0.40917629702364156,
        0.18454729267633457,
        0.19481288379918604,
        0.9181955110580826,
        0.1726020310855082,
        0.22354861975999243,
        0.9740515033951399
      ],
      [
        0.6094033851187961,
        0.9240405223845617,
        0.21992508711374656,
        0.7724097360723591,
        0.0,
        0.18149772790775687,
        0.3408795402779709,
        0.21657727661576714,
        0.3074026861684338,
        0.09734891634709959,
        0.18338895603000216,
        0.4856353798560342,
        0.5154102774177913,
        0.6694156838695983,
        0.796120958682864,
        0.8306924469986356,
        0.29188073637202067,
        0.7412857701399087,
        0.8618049205675204,
        0.5814545027806225
      ],
      [
        0.790901113026553,
        1.0404296109669018,
        0.40142281502150345,
        0.9539074639801159,
        0.18149772790775687,
        0.0,
        0.5219963293099082,
        0.39432844709163617,
        0.4863587122413506,
        0.2238784977180776,
        0.35047238757813803,
        0.5980847275650648,
        0.6317993660001314,
        0.7901750306692756,
        0.9776186865906209,
        0.9470815355809757,
        0.13383502858835508,
        0.8537351178489394,
        0.9781940091498605,
        0.7605535259444529
      ],
      [
        0.8544953463381337,
        0.963588893875691,
        0.4637541233502428,
        0.875268840866607,
        0.3408795402779709,
        0.5219963293099082,
        0.0,
        0.15717560153791457,
        0.0539940482994364,
        0.32567508652076915,
        0.19787308469778242,
        0.5193951282094887,
        0.5549586489089207,
        0.7114854313136996,
        1.0145400511167317,
        0.870240818489765,
        0.6195580408221095,
        0.7750455184933633,
        0.9013532920586498,
        0.24516806490490997
      ],
      [
        0.6974906559802365,
        0.8064132923377764,
        0.3067494329923455,
        0.7180932393286923,
        0.21657727661576714,
        0.39432844709163617,
        0.15717560153791457,
        0.0,
        0.15401664035361395,
        0.24236291222594197,
        0.16583381662270363,
        0.36221952667157414,
        0.397783047371006,
        0.5543098297757849,
        0.8573644495788171,
        0.7130652169518503,
        0.5082726078200512,
        0.6178699169554487,
        0.7441776905207351,
        0.39943097562559415
      ],
      [
        0.843113913830969,
        0.9311370074830876,
        0.452372690843078,
        0.8428169544740034,
        0.3074026861684338,
        0.4863587122413506,
        0.0539940482994364,
        0.15401664035361395,
        0.0,
        0.28102038239442123,
        0.14941965082927,
        0.4869432418168853,
        0.5225067625163172,
        0.6790335449210961,
        0.9820881647241282,
        0.8377889320971615,
        0.5774683910902204,
        0.7425936321007598,
        0.8689014056660463,
        0.27425257536945835
      ],
      [
        0.7066775642107652,
        0.9967997315774262,
        0.3172099566977877,
        0.8696946056564001,
        0.09734891634709959,
        0.2238784977180776,
        0.32567508652076915,
        0.24236291222594197,
        0.28102038239442123,
        0.0,
        0.133795320516301,
        0.5608914986234352,
        0.5881694866106558,
        0.7492114108661533,
        0.8928688594645282,
        0.9034516561915001,
        0.2973243574974484,
        0.8165418889073097,
        0.9345641297603849,
        0.5503125714738321
      ],
      [
        0.7667456859241811,
        0.9550799337333806,
        0.37600446293629014,
        0.8810052441047125,
        0.18338895603000216,
        0.35047238757813803,
        0.19787308469778242,
        0.16583381662270363,
        0.14941965082927,
        0.133795320516301,
        0.0,
        0.5251315314475944,
        0.5464496887666103,
        0.7172169452821329,
        0.9561330906317593,
        0.8617318583474546,
        0.4310983092511012,
        0.7807819217314689,
        0.8928443319163394,
        0.4165172692649367
      ],
      [
        0.3961188015212338,
        0.4441937656662022,
        0.6689689596639197,
        0.35587371265711815,
        0.4856353798560342,
        0.5980847275650648,
        0.5193951282094887,
        0.36221952667157414,
        0.4869432418168853,
        0.5608914986234352,
        0.5251315314475944,
        0.0,
        0.035563520699431875,
        0.19209030310421082,
        0.49514492290724293,
        0.3508456902802762,
        0.7319155512083586,
        0.25565039028387454,
        0.381958163849161,
        0.652595504887018
      ],
      [
        0.4187047005787331,
        0.40863024496677036,
        0.7045324803633516,
        0.35713413548307754,
        0.5154102774177913,
        0.6317993660001314,
        0.5549586489089207,
        0.397783047371006,
        0.5225067625163172,
        0.5881694866106558,
        0.5464496887666103,
        0.035563520699431875,
        0.0,
        0.17371562281766587,
        0.505961019007294,
        0.3152821695808443,
        0.7655935999610193,
        0.2731757575213388,
        0.3463946431497291,
        0.6170319841875861
      ],
      [
        0.38719086540747916,
        0.5823458677844362,
        0.7779320883953702,
        0.40917629702364156,
        0.6694156838695983,
        0.7901750306692756,
        0.7114854313136996,
        0.5543098297757849,
        0.6790335449210961,
        0.7492114108661533,
        0.7172169452821329,
