{
  "sol": {
    "z": 1.3041869088887275,
    "tours": [
      [
        0,
        19
      ],
      [
        1,
        6,
        7,
        4,
        3
      ],
      [
        2,
        0
      ],
      [
        5,
        6
      ]
    ]
  },
  "params": {
    "gm": [
      [
        0.0,
        0.4753009491078813,
        0.3308839604997857,
        0.5369533167572373,
        0.32437651770043885,
        1.0822203217917261,
        0.4301268673473625,
        0.32149145238375587,
        0.23415088474115864,
        0.7417999059431771,
        0.7962557305300412,
        0.1828427566471998,
        0.42591664934451645,
        0.6652920485752573,
        0.4838459936989083,
        0.25346447773235814,
        0.7659849715893086,
        0.15472506235445482,
        0.28419211926894583,
        0.6094443246889295
      ],
      [
        0.4753009491078813,
        0.0,
        0.7904618727095682,
        0.49030297395332173,
        0.34816300545697093,
        0.704869829807176,
        0.05277637536281233,
        0.16576976304431346,
        0.2820737989025067,
        0.5860782166037347,
        0.32095479828594636,
        0.6340398418857685,
        0.7371584813904686,
        1.116405247847169,
        0.825058504920609,
        0.23400253905551371,
        0.7627730940106896,
        0.49306980288540503,
        0.2895425013675321,
        1.0847452737968108
      ],
      [
        0.3308839604997857,
        0.7904618727095682,
        0.0,
        0.772860578752747,
        0.5986137067663417,
        1.3810555099530073,
        0.7384211442995725,
        0.6523754128835415,
        0.5083880738070615,
        0.6669649758586964,
        1.0830213164444684,
        0.43557075967570813,
        0.17406029270079904,
        0.6026104308782965,
        0.17566964433917354,
        0.5669113149851555,
        0.5973200043519808,
        0.485408145414645,
        0.5565925863236263,
        0.7098728964128963
      ],
      [
        0.5369533167572373,
        0.49030297395332173,
        0.772860578752747,
        0.0,
        0.2183133617157354,
        1.000755164902401,
        0.4433577535539119,
        0.469405009009318,
        0.30280243201607865,
        0.889019655721754,
        0.7233071268484536,
        0.45634829953928835,
        0.8555503927171795,
        0.9387975914673459,
        0.9434504162473198,
        0.35239445038222467,
        1.0657145331287088,
        0.4599816802292015,
        0.25645437871132865,
        1.0233375360112982
      ],
      [
        0.32437651770043885,
        0.34816300545697093,
        0.5986137067663417,
        0.2183133617157354,
        0.0,
        0.7824418031866655,
        0.29545104923002813,
        0.2725547494766872,
        0.09022563295928022,
        0.6896226024286614,
        0.643188543371366,
        0.44234049430417915,
        0.6502336098323366,
        0.8859348093819882,
        0.738133633362477,
        0.1470776674973817,
        0.8663174798356161,
        0.26259936442022414,
        0.059072062902351265,
        0.9322309941647688
      ],
      [
        1.0822203217917261,
        0.704869829807176,
        1.3810555099530073,
        1.000755164902401,
        0.7824418031866655,
        0.0,
        0.6520934544443637,
        0.7876972574567036,
        0.8726674361459457,
        1.2080057110161249,
        1.0199314985199228,
        1.2247822974908447,
        1.3391254383986209,
        1.6683766125686537,
        1.4270254619287612,
        0.835969496063666,
        1.3847005884230796,
        1.0450411676068896,
        0.8415138660890167,
        1.6916646464806557
      ],
      [
        0.4301268673473625,
        0.05277637536281233,
        0.7384211442995725,
        0.4433577535539119,
        0.29545104923002813,
        0.6520934544443637,
        0.0,
        0.13560380301233982,
        0.230033070492511,
        0.5559122565717611,
        0.3678380440755592,
        0.5847138676206801,
        0.6870319839542571,
        1.0636452883597256,
        0.7749320074843975,
        0.18387604161930227,
        0.7326071339787159,
        0.4403098433979614,
        0.23678254188008854,
        1.039571192036292
      ],
      [
        0.32149145238375587,
        0.16576976304431346,
        0.6523754128835415,
        0.469405009009318,
        0.2725547494766872,
        0.7876972574567036,
        0.13560380301233982,
        0.0,
        0.18431394672750268,
        0.42030845355942126,
        0.4867245613302598,
        0.49261185168056915,
        0.629057919134652,
        0.9750611436086266,
        0.7169579426647924,
        0.12590197679969717,
        0.597003330966376,
        0.42207601326105604,
        0.2185487117431832,
        0.9309357770726854
      ],
      [
        0.23415088474115864,
        0.2820737989025067,
        0.5083880738070615,
        0.30280243201607865,
        0.09022563295928022,
        0.8726674361459457,
        0.230033070492511,
        0.18431394672750268,
        0.0,
        0.603788927275693,
        0.5931779798685766,
        0.36172833830079887,
        0.5616791835130488,
        0.8441776302288564,
        0.6495792070431892,
        0.05852324117809396,
        0.7804838046826479,
        0.2535685360456601,
        0.05004123452778722,
        0.8420053612054886
      ],
      [
        0.7417999059431771,
        0.5860782166037347,
        0.6669649758586964,
        0.889019655721754,
        0.6896226024286614,
        1.2080057110161249,
        0.5559122565717611,
        0.42030845355942126,
        0.603788927275693,
        0.0,
        0.41605634058577207,
        0.912775351588115,
        0.5229174269575783,
        1.0000758662432032,
        0.6055275510095504,
        0.5452917573665245,
        0.17669487740695483,
        0.7879547866418086,
        0.6325652770104253,
        1.1153988299636208
      ],
      [
        0.7962557305300412,
        0.32095479828594636,
        1.0830213164444684,
        0.7233071268484536,
        0.643188543371366,
        1.0199314985199228,
        0.3678380440755592,
        0.4867245613302598,
        0.5931779798685766,
        0.41605634058577207,
        0.0,
        0.952094056573763,
        0.9389737675433503,
        1.4156163383741163,
        1.0215838915953224,
        0.5512962465331449,
        0.5927512179927269,
        0.7922808934123521,
        0.5887535918944792,
        1.4057000552189707
      ],
      [
        0.1828427566471998,
        0.6340398418857685,
        0.43557075967570813,
        0.45634829953928835,
        0.44234049430417915,
        1.2247822974908447,
        0.5847138676206801,
        0.49261185168056915,
        0.36172833830079887,
        0.912775351588115,
        0.952094056573763,
        0.0,
        0.5703244683981711,
        0.48244929192805747,
        0.6077890826247583,
        0.4202515794788928,
        0.7360804741811601,
        0.17974112988395496,
        0.38326843140182787,
        0.5669892364720098
      ],
      [
        0.42591664934451645,
        0.7371584813904686,
        0.17406029270079904,
        0.8555503927171795,
        0.6502336098323366,
        1.3391254383986209,
        0.6870319839542571,
        0.629057919134652,
        0.5616791835130488,
        0.5229174269575783,
        0.9389737675433503,
        0.5703244683981711,
        0.0,
        0.4771584392856249,
        0.09809998014081736,
        0.5031559423349549,
        0.4885813061017706,
        0.5745146691373627,
        0.5994500665846384,
        0.5924814030060426
      ],
      [
        0.6652920485752573,
        1.116405247847169,
        0.6026104308782965,
        0.9387975914673459,
        0.8859348093819882,
        1.6683766125686537,
        1.0636452883597256,
        0.9750611436086266,
        0.8441776302288564,
        1.0000758662432032,
        1.4156163383741163,
        0.48244929192805747,
        0.4771584392856249,
        0.0,
