{
  "sol": {
    "z": 1.0734347895586138,
    "tours": [
      [
        0,
        7
      ],
      [
        1
      ],
      [
        2,
        1
      ],
      [
        3,
        2
      ],
      [
        4,
        13
      ],
      [
        5
      ],
      [
        6,
        5
      ],
      [
        7,
        19
      ]
    ]
  },
  "params": {
    "gm": [
      [
        0.0,
        0.5677035185937819,
        0.9484984056199481,
        0.8411050438565352,
        0.7241650032603599,
        0.8778368053376633,
        0.6452431689964655,
        0.12043303105728517,
        1.000758492854715,
        1.1104162123960464,
        0.9587035631267343,
        0.8680316633545032,
        1.0069070203445758,
        0.5187843013552296,
        0.9137018159073113,
        1.085984385756882,
        0.7631912703333879,
        0.715083851162573,
        0.7608994136452137,
        0.3684833488282897
      ],
      [
        0.5677035185937819,
        0.0,
        0.5367173947793069,
        0.7044926945165911,
        0.30564040335553966,
        0.46837764338279914,
        0.7617314365180947,
        0.6778485434666421,
        0.890535798727738,
        1.0001935182690695,
        0.5211412827405769,
        0.6365135590692202,
        0.5742376497731116,
        0.12250964373952464,
        0.5174271582916063,
        0.9736526170358325,
        0.6227006829397104,
        0.6048611570355961,
        0.23612200630133656,
        0.9322398270226849
      ],
      [
        0.9484984056199481,
        0.5367173947793069,
        0.0,
        0.44965061178975047,
        0.48115863180084434,
        0.31647488674716395,
        0.6098286798824595,
        1.0689314366772333,
        0.7216177688210484,
        0.8367808931709418,
        0.87960157054774,
        0.7481547351281339,
        0.8821441137161665,
        0.5427106429629052,
        0.7347265775372374,
        0.7713474655639077,
        0.42039553146778547,
        0.4506923222945638,
        0.30059538847797035,
        1.3005087258739765
      ],
      [
        0.8411050438565352,
        0.7044926945165911,
        0.44965061178975047,
        0.0,
        0.402252121849462,
        0.23757547194689008,
        0.4495197826458028,
        0.9615380749138204,
        0.28101203020854004,
        0.3971678214565919,
        0.6726911313976754,
        0.5048483314962895,
        0.66951632574625,
        0.5920765258637888,
        0.52800652040997,
        0.34575582212668343,
        0.08640319760906495,
        0.127102747592928,
        0.6693096863495782,
        1.0570902415317343
      ],
      [
        0.7241650032603599,
        0.30564040335553966,
        0.48115863180084434,
        0.402252121849462,
        0.0,
        0.16468374505368039,
        0.4580375381889759,
        0.7578215537737129,
        0.6012171985130808,
        0.7108749180544123,
        0.6452999636766351,
        0.4718291142006799,
        0.669244062026696,
        0.2053807019051304,
        0.5829354358437537,
        0.6750904617715333,
        0.3241385276754112,
        0.31554255682093885,
        0.44749595639006523,
        1.0241831049465224
      ],
      [
        0.8778368053376633,
        0.46837764338279914,
        0.31647488674716395,
        0.23757547194689008,
        0.16468374505368039,
        0.0,
        0.2933537931352955,
        0.8181639310744758,
        0.4481105834210496,
        0.5580853154085637,
        0.5631266838005761,
        0.438572581207684,
        0.5656692269690026,
        0.3599003065975214,
        0.4182516907900734,
        0.5123974533635439,
        0.16144551926742182,
        0.16275295417509023,
        0.6020155610824562,
        0.9909265719535265
      ],
      [
        0.6452431689964655,
        0.7617314365180947,
        0.6098286798824595,
        0.4495197826458028,
        0.4580375381889759,
        0.2933537931352955,
        0.0,
        0.5248101379391803,
        0.6085386133282189,
        0.655722202718022,
        0.44869214255022033,
        0.2227884943580377,
        0.4202034421840538,
        0.6532540997328169,
        0.3418748951356516,
        0.5768218369274059,
        0.36599268503291355,
        0.32286397163607694,
        0.8650709103927271,
        0.7751424851038803
      ],
      [
        0.12043303105728517,
        0.6778485434666421,
        1.0689314366772333,
        0.9615380749138204,
        0.7578215537737129,
        0.8181639310744758,
        0.5248101379391803,
        0.0,
        1.121191523912,
        1.153176930840948,
        0.9735022804894007,
        0.747598632297218,
        0.9450135801232341,
        0.6361712297892282,
        0.8666850330748319,
        1.1016319748665861,
        0.883624301390673,
        0.8355168822198582,
        0.8780830589524512,
        0.28174535348542773
      ],
      [
        1.000758492854715,
        0.890535798727738,
        0.7216177688210484,
        0.28101203020854004,
        0.6012171985130808,
        0.4481105834210496,
        0.6085386133282189,
        1.121191523912,
        0.0,
        0.11626376168299872,
        0.6348104498548746,
        0.4089068016626919,
        0.606321749488708,
        0.7728436802170764,
        0.5279932024403058,
        0.08522589290216716,
        0.30321552663642765,
        0.28567464169214196,
        0.8278815804487921,
        0.90308428013982
      ],
      [
        1.1104162123960464,
        1.0001935182690695,
        0.8367808931709418,
        0.3971678214565919,
        0.7108749180544123,
        0.5580853154085637,
        0.655722202718022,
        1.153176930840948,
        0.11626376168299872,
        0.0,
        0.6579170868182145,
        0.4329337083599843,
        0.6303486561860003,
        0.8825013997584079,
        0.540712942276109,
        0.0880015736711771,
        0.41714724147985377,
        0.3953323612334735,
        0.9375392999901236,
        0.8714315773555203
      ],
      [
        0.9587035631267343,
        0.5211412827405769,
        0.87960157054774,
        0.6726911313976754,
        0.6452999636766351,
        0.5631266838005761,
        0.44869214255022033,
        0.9735022804894007,
        0.6348104498548746,
        0.6579170868182145,
        0.0,
        0.22590364819218264,
        0.057828374830411394,
        0.43991926177150475,
        0.14487499301050263,
        0.5799274289359014,
        0.5968110940219372,
        0.5476643724401604,
        0.6820345162564396,
        0.7782576389380252
      ],
      [
        0.8680316633545032,
        0.6365135590692202,
        0.7481547351281339,
        0.5048483314962895,
        0.4718291142006799,
        0.438572581207684,
        0.2227884943580377,
        0.747598632297218,
        0.4089068016626919,
        0.4329337083599843,
        0.22590364819218264,
        0.0,
        0.1974149478260161,
        0.5140039153296956,
        0.1190864007776139,
        0.35403334256936814,
        0.4293515731369834,
        0.37774558390336144,
        0.7561191698146305,
        0.5523539907458426
      ],
      [
        1.0069070203445758,
        0.5742376497731116,
        0.8821441137161665,
        0.66951632574625,
        0.669244062026696,
        0.5656692269690026,
        0.4202034421840538,
        0.9450135801232341,
        0.606321749488708,
        0.6303486561860003,
        0.057828374830411394,
        0.1974149478260161,
        0.0,
        0.4881227189893461,
        0.14811989121345662,
        0.547473671290425,
        0.5977226673148276,
        0.5472372468354976,
        0.730237973474281,
        0.7497689385718587
      ],
      [
        0.5187843013552296,
        0.12250964373952464,
        0.5427106429629052,
        0.5920765258637888,
        0.2053807019051304,
        0.3599003065975214,
        0.6532540997328169,
        0.6361712297892282,
        0.7728436802170764,
        0.8825013997584079,
        0.43991926177150475,
