{
  "sol": {
    "z": 1.1779563849451988,
    "tours": [
      [
        0,
        19,
        17
      ],
      [
        1,
        12
      ],
      [
        2,
        9
      ],
      [
        3,
        0
      ],
      [
        4,
        2
      ],
      [
        5,
        4
      ],
      [
        6
      ],
      [
        7,
        4
      ]
    ]
  },
  "params": {
    "gm": [
      [
        0.0,
        0.8064612702283517,
        0.45131822090885587,
        0.21068448774502124,
        0.39321258991218083,
        0.8170371903041922,
        0.8002665084980223,
        0.9821907823847802,
        0.8324317884513484,
        0.8113763542981942,
        0.3543177645888664,
        0.20319593293801655,
        0.771037894022253,
        0.264282615679438,
        0.3202209907856733,
        0.4716574202529388,
        0.7938970090052063,
        0.10156307219032522,
        0.3018603658193351,
        0.5596453954469869
      ],
      [
        0.8064612702283517,
        0.0,
        0.5649676737707653,
        0.6330937724663189,
        0.7462321986601893,
        0.9582291776835542,
        0.1696126171887343,
        0.8729115871499984,
        0.29494213988319506,
        0.2118380965396915,
        1.002566477302644,
        1.0096572031663682,
        0.14163902193718514,
        0.6483943002800001,
        1.126682261014025,
        0.6128494076323008,
        0.4935228253840029,
        0.9080243424186769,
        0.7311625884049798,
        1.045066371289047
      ],
      [
        0.45131822090885587,
        0.5649676737707653,
        0.0,
        0.421674544539022,
        0.18126452488942407,
        0.7527127426549447,
        0.3977228305404932,
        0.7702427173620234,
        0.6530755759345567,
        0.3600581333893383,
        0.6997502777824095,
        0.6355207031509104,
        0.42332865183358015,
        0.3032020062498776,
        0.7712560292005458,
        0.702772262190227,
        0.6763978448414419,
        0.5528812930991811,
        0.22072351180484065,
        0.4871608303821762
      ],
      [
        0.21068448774502124,
        0.6330937724663189,
        0.421674544539022,
        0.0,
        0.602939069428446,
        0.6264774877024584,
        0.8027063896550533,
        1.1919172619010454,
        0.928035912349514,
        0.7817326779283602,
        0.5190892050429494,
        0.4013724284425699,
        0.7747327944035041,
        0.47496710342445925,
        0.5309054785306946,
        0.281097717651205,
        1.0045814967502276,
        0.31224749476706337,
        0.5125448535643564,
        0.7316786524431826
      ],
      [
        0.39321258991218083,
        0.7462321986601893,
        0.18126452488942407,
        0.602939069428446,
        0.0,
        0.5714482177655207,
        0.5789873554299172,
        0.5889781924725994,
        0.4926531217090498,
        0.5413226582787624,
        0.6842742133213366,
        0.5068637584714769,
        0.6045931767230042,
        0.1748348552503869,
        0.7023134425035777,
        0.8648700101651197,
        0.49567650698842564,
        0.47083433575451406,
        0.09206656712540719,
        0.6251010715716175
      ],
      [
        0.8170371903041922,
        0.9582291776835542,
        0.7527127426549447,
        0.6264774877024584,
        0.5714482177655207,
        0.0,
        0.8852447660214279,
        1.16042641023812,
        0.7321170318297291,
        0.9288963699897475,
        1.145369518834258,
        1.018413059806044,
        0.9144733804971972,
        0.7462830730159076,
        0.9414788291471868,
        0.3453797700512534,
        0.9639316335945868,
        0.9139566147739617,
        0.6635147848909279,
        1.1965492893371383
      ],
      [
        0.8002665084980223,
        0.1696126171887343,
        0.3977228305404932,
        0.8027063896550533,
        0.5789873554299172,
        0.8852447660214279,
        0.0,
        0.7032989699612641,
        0.4284400112160486,
        0.04365160396831953,
        0.834379984731272,
        0.9494735368955647,
        0.029228614475769354,
        0.5359838928185843,
        1.0901274449347713,
        0.6875434943374756,
        0.5848886673694444,
        0.8932531696940621,
        0.6184463423453338,
        0.8760543398273853
      ],
      [
        0.9821907823847802,
        0.8729115871499984,
        0.7702427173620234,
        1.1919172619010454,
        0.5889781924725994,
        1.16042641023812,
        0.7032989699612641,
        0.0,
        1.0816313141816492,
        0.7469505739295836,
        1.273252405793936,
        1.0958419509440762,
        0.7325275844370334,
        0.7638130477229863,
        1.2912916349761772,
        1.3908424642987396,
        1.084654699461025,
        1.0598125282271136,
        0.6810447595980066,
        1.214079264044217
      ],
      [
        0.8324317884513484,
        0.29494213988319506,
        0.6530755759345567,
        0.928035912349514,
        0.4926531217090498,
        0.7321170318297291,
        0.4284400112160486,
        1.0816313141816492,
        0.0,
        0.45939109681164086,
        1.1002070166059272,
        0.9227965617560674,
        0.408588513420027,
        0.613339710756993,
        1.1409518795398548,
        0.9077915475154958,
        0.23181460176485766,
        0.9132102997000136,
        0.5305714226320133,
        1.1175123750799405
      ],
      [
        0.8113763542981942,
        0.2118380965396915,
        0.3600581333893383,
        0.7817326779283602,
        0.5413226582787624,
        0.9288963699897475,
        0.04365160396831953,
        0.7469505739295836,
        0.45939109681164086,
        0.0,
        0.7907283807629524,
        0.9681388356128121,
        0.07287701278827681,
        0.5796322911310918,
        1.1313141625898842,
        0.7311918926499831,
        0.628540271337764,
        0.9129394264885193,
        0.580781645194179,
        0.8351040028792776
      ],
      [
        0.3543177645888664,
        1.002566477302644,
        0.6997502777824095,
        0.5190892050429494,
        0.6842742133213366,
        1.145369518834258,
        0.834379984731272,
        1.273252405793936,
        1.1002070166059272,
        0.7907283807629524,
        0.0,
        0.17741045484985976,
        0.8636053935512292,
        0.5909000989268401,
        0.5639624379748581,
        0.7999897487830047,
        1.0227639116695935,
        0.29656890018206306,
        0.5922076461959295,
        0.21258944740023328
      ],
      [
        0.20319593293801655,
        1.0096572031663682,
        0.6355207031509104,
        0.4013724284425699,
        0.5068637584714769,
        1.018413059806044,
        0.9494735368955647,
        1.0958419509440762,
        0.9227965617560674,
        0.9681388356128121,
        0.17741045484985976,
        0.0,
        0.9202449224197954,
        0.4134896440769804,
        0.389331441063138,
        0.6730332897547904,
        0.8497744974406711,
        0.12357948595314079,
        0.4147971913460697,
        0.38976079707443984
      ],
      [
        0.771037894022253,
        0.14163902193718514,
        0.42332865183358015,
        0.7747327944035041,
        0.6045931767230042,
        0.9144733804971972,
        0.029228614475769354,
        0.7325275844370334,
        0.408588513420027,
        0.07287701278827681,
        0.8636053935512292,
        0.9202449224197954,
        0.0,
        0.506755278342815,
        1.060898830459002,
        0.6583148798617062,
        0.5733585974321417,
        0.8640245552182928,
        0.5895235664677947,
        0.9034273493518616
      ],
      [
        0.264282615679438,
        0.6483943002800001,
        0.3032020062498776,
        0.47496710342445925,
        0.1748348552503869,
        0.7462830730159076,
        0.5359838928185843,
        0.7638130477229863,
        0.613339710756993,
        0.5796322911310918,
