{
  "sol": {
    "z": 1.0369814878087,
    "tours": [
      [
        0
      ],
      [
        1,
        19
      ],
      [
        2,
        5,
        16
      ],
      [
        3,
        11
      ],
      [
        4,
        10
      ],
      [
        5,
        10
      ],
      [
        6,
        11
      ],
      [
        7,
        4
      ]
    ]
  },
  "params": {
    "gm": [
      [
        0.0,
        0.1343589230264388,
        0.3410006569353682,
        0.7847241788990663,
        0.6257330173175852,
        0.4509917198434959,
        0.5759704374107931,
        0.8577436905710345,
        0.3539698411116223,
        0.4348340990329479,
        0.25070541357728054,
        0.5324181947342403,
        1.0746446805578094,
        0.7422512526365097,
        0.6533567954584807,
        0.66386099987538,
        0.24246343091297573,
        0.08173731133762,
        0.7533704665015003,
        0.6402691325258514
      ],
      [
        0.1343589230264388,
        0.0,
        0.22190122825449768,
        0.674340085543103,
        0.5542132631455691,
        0.3728091026404179,
        0.4534103114606157,
        0.7862239363990183,
        0.23140971516144485,
        0.3121059982736168,
        0.17918565940526432,
        0.43148928811985415,
        0.9964620633547313,
        0.6707314984644935,
        0.555804488814132,
        0.5856000905477163,
        0.13201892552992653,
        0.17918457430221585,
        0.6365651648220829,
        0.51849074390435
      ],
      [
        0.3410006569353682,
        0.22190122825449768,
        0.0,
        0.45293286120585424,
        0.5177284826699006,
        0.20720905651687774,
        0.5653488192777242,
        0.7497391559233498,
        0.3433482229785533,
        0.41088009441533807,
        0.14279706865696656,
        0.21956009975849175,
        0.8308620172311911,
        0.634246717988825,
        0.34360859503585484,
        0.4068182104452988,
        0.09930674236828883,
        0.34765027826734074,
        0.4149330908456476,
        0.6044984823740411
      ],
      [
        0.7847241788990663,
        0.674340085543103,
        0.45293286120585424,
        0.0,
        0.8435580015095555,
        0.37377380373844504,
        0.4679431361644922,
        1.0755686747630047,
        0.689943732463663,
        0.6200002503325781,
        0.5416592333292113,
        0.25718819988369146,
        0.8628176063232518,
        0.8121429444979131,
        0.16039815995244186,
        0.3222600490139982,
        0.5453497643005156,
        0.7715433202620161,
        0.07247485151432492,
        0.661464331254704
      ],
      [
        0.6257330173175852,
        0.5542132631455691,
        0.5177284826699006,
        0.8435580015095555,
        0.0,
        0.46978419777111047,
        0.8804840912364703,
        0.23201067325344923,
        0.6584834949372994,
        0.736575386096643,
        0.37502760374030475,
        0.5986468974565173,
        0.7701585922255821,
        0.11651823531892447,
        0.6893697812058728,
        0.5988234667181297,
        0.4418537951781727,
        0.6049932346828368,
        0.8395983232517655,
        0.9397106931210798
      ],
      [
        0.4509917198434959,
        0.3728091026404179,
        0.20720905651687774,
        0.37377380373844504,
        0.46978419777111047,
        0.0,
        0.4406992313948755,
        0.7017948710245597,
        0.4911786383350001,
        0.5587105097717848,
        0.20028630626621535,
        0.12886269968540692,
        0.6236529607143134,
        0.5863024330900349,
        0.21958558343476237,
        0.21286928003188416,
        0.24713715772473566,
        0.43025193720874744,
        0.36981412548065506,
        0.6533529837104215
      ],
      [
        0.5759704374107931,
        0.4534103114606157,
        0.5653488192777242,
        0.4679431361644922,
        0.8804840912364703,
        0.4406992313948755,
        0.0,
        0.6858796557310204,
        0.22200059629917088,
        0.1743403947903358,
        0.5493177368623086,
        0.36913659181678693,
        1.064352189753143,
        0.9970023265553948,
        0.45122568257803947,
        0.5830366666437778,
        0.46604207690943533,
        0.6322334973022499,
        0.400279158441651,
        0.21265375231554598
      ],
      [
        0.8577436905710345,
        0.7862239363990183,
        0.7497391559233498,
        1.0755686747630047,
        0.23201067325344923,
        0.7017948710245597,
        0.6858796557310204,
        0.0,
        0.8904941681907487,
        0.8602200505213562,
        0.607038276993754,
        0.8306575707099666,
        1.0021692654790315,
        0.34852890857237373,
        0.921380454459322,
        0.830834139971579,
        0.673864468431622,
        0.8370039079362861,
        1.0716089965052147,
        0.8985334080465663
      ],
      [
        0.3539698411116223,
        0.23140971516144485,
        0.3433482229785533,
        0.689943732463663,
        0.6584834949372994,
        0.4911786383350001,
        0.22200059629917088,
        0.8904941681907487,
        0.0,
        0.08107613133184267,
        0.32731714056313765,
        0.4421010728087462,
        1.1148315990493134,
        0.7750017302562239,
        0.5667865345446789,
        0.6571119663589879,
        0.24404148061026443,
        0.41023290100307896,
        0.6222797547408219,
        0.28742661074928605
      ],
      [
        0.4348340990329479,
        0.3121059982736168,
        0.41088009441533807,
        0.6200002503325781,
        0.736575386096643,
        0.5587105097717848,
        0.1743403947903358,
        0.8602200505213562,
        0.08107613133184267,
        0.0,
        0.39411033363737263,
        0.5231772041405889,
        1.1823634704860984,
        0.8530936214155674,
        0.6255660773683753,
        0.7381880976908306,
        0.3115733520470492,
        0.4911156721290035,
        0.5573303496963719,
        0.20643668947481567
      ],
      [
        0.25070541357728054,
        0.17918565940526432,
        0.14279706865696656,
        0.5416592333292113,
        0.37502760374030475,
        0.20028630626621535,
        0.5493177368623086,
        0.607038276993754,
        0.32731714056313765,
        0.39411033363737263,
        0.0,
        0.28553698646229486,
        0.8239392669805288,
        0.4915458390592292,
        0.40382787094817907,
        0.4131555862980995,
        0.08328042474238773,
        0.22996563094253206,
        0.518091774004482,
        0.58847216474814
      ],
      [
        0.5324181947342403,
        0.43148928811985415,
        0.21956009975849175,
        0.25718819988369146,
        0.5986468974565173,
        0.12886269968540692,
        0.36913659181678693,
        0.8306575707099666,
        0.4421010728087462,
        0.5231772041405889,
        0.28553698646229486,
        0.0,
        0.714896882333619,
        0.7151651327754418,
        0.12468546173593269,
        0.21501089355024172,
        0.2995903670784101,
        0.5149721321297838,
        0.24361407270268473,
        0.5814983010460265
      ],
      [
        1.0746446805578094,
        0.9964620633547313,
        0.8308620172311911,
        0.8628176063232518,
        0.7701585922255821,
        0.6236529607143134,
        1.064352189753143,
        1.0021692654790315,
        1.1148315990493134,
        1.1823634704860984,
        0.8239392669805288,
        0.714896882333619,
        0.0,
        0.6536403569066577,
        0.70241944637081,
        0.5405575573092536,
        0.8707901184390491,
        1.0539048979230607,
        0.8823666858409078,
        1.277005942068689
      ],
      [
        0.7422512526365097,
        0.6707314984644935,
        0.634246717988825,
        0.8121429444979131,
        0.11651823531892447,
        0.5863024330900349,
        0.9970023265553948,
        0.34852890857237373,
        0.7750017302562239,
