{
  "sol": {
    "z": 1.3956168538235363,
    "tours": [
      [
        0,
        4,
        2
      ],
      [
        1,
        3
      ]
    ]
  },
  "params": {
    "gm": [
      [
        0.0,
        0.9688463569101,
        0.4402088303141132,
        0.8355339328004516,
        0.3913296855538026,
        0.32368690046215687,
        0.5199507327505836,
        0.44427718494920443,
        0.6434140620644929,
        1.1582493355634988
      ],
      [
        0.9688463569101,
        0.0,
        0.7550073805574563,
        0.23104686194966884,
        0.6942478383512525,
        0.6464541941409948,
        0.44915713574397437,
        0.6408749780837151,
        0.3951213258501038,
        0.18940782525501565
      ],
      [
        0.4402088303141132,
        0.7550073805574563,
        0.0,
        0.5497130537688351,
        0.5640783379556206,
        0.3090687060689629,
        0.39362798169257207,
        0.5764314481126833,
        0.6074250526746185,
        0.9284323983539893
      ],
      [
        0.8355339328004516,
        0.23104686194966884,
        0.5497130537688351,
        0.0,
        0.6465129543110819,
        0.5167802470144699,
        0.33910030115129547,
        0.6059255779827348,
        0.407331017198055,
        0.3823642861232338
      ],
      [
        0.3913296855538026,
        0.6942478383512525,
        0.5640783379556206,
        0.6465129543110819,
        0.0,
        0.25632855929750314,
        0.318610455952356,
        0.05998587093872639,
        0.307185063618553,
        0.8754038540615198
      ],
      [
        0.32368690046215687,
        0.6464541941409948,
        0.3090687060689629,
        0.5167802470144699,
        0.25632855929750314,
        0.0,
        0.19739522620611555,
        0.26791620451068726,
        0.35861901942862656,
        0.8357178377544815
      ],
      [
        0.5199507327505836,
        0.44915713574397437,
        0.39362798169257207,
        0.33910030115129547,
        0.318610455952356,
        0.19739522620611555,
        0.0,
        0.28971442539792513,
        0.21540690227602388,
        0.6384932197885871
      ],
      [
        0.44427718494920443,
        0.6408749780837151,
        0.5764314481126833,
        0.6059255779827348,
        0.05998587093872639,
        0.26791620451068726,
        0.28971442539792513,
        0.0,
        0.2501208230719279,
        0.8200686669175021
      ],
      [
        0.6434140620644929,
        0.3951213258501038,
        0.6074250526746185,
        0.407331017198055,
        0.307185063618553,
        0.35861901942862656,
        0.21540690227602388,
        0.2501208230719279,
        0.0,
        0.5706342588906465
      ],
      [
        1.1582493355634988,
        0.18940782525501565,
        0.9284323983539893,
        0.3823642861232338,
        0.8754038540615198,
        0.8357178377544815,
        0.6384932197885871,
        0.8200686669175021,
        0.5706342588906465,
        0.0
      ]
    ],
    "gc": [
      [
        true,
        false,
        false,
        false,
        false,
        false,
        false,
        false,
        false,
        false
      ],
      [
        false,
        true,
        false,
        true,
        false,
        false,
        false,
        false,
        false,
        true
      ],
      [
        false,
        false,
        true,
        false,
        false,
        false,
        false,
        false,
        false,
        false
      ],
      [
        false,
        true,
        false,
        true,
        false,
        false,
        false,
        false,
        false,
        false
      ],
      [
        false,
        false,
        false,
        false,
        true,
        true,
        false,
        true,
        false,
        false
      ],
      [
        false,
        false,
        false,
        false,
        true,
        true,
        true,
        true,
        false,
        false
      ],
      [
        false,
        false,
        false,
        false,
        false,
        true,
        true,
        false,
        true,
        false
      ],
      [
        false,
        false,
        false,
        false,
        true,
        true,
        false,
        true,
        true,
        false
      ],
      [
        false,
        false,
        false,
        false,
        false,
        false,
        true,
        true,
        true,
        false
      ],
      [
        false,
        true,
        false,
        false,
        false,
        false,
        false,
        false,
        false,
        true
      ]
    ],
    "vs": [
      true,
      true,
      true,
      true,
      true,
      false,
      false,
      false,
      false,
      false
    ],
    "b": 9,
    "r": 3,
    "n": 10,
    "__rnd_id__": 1,
    "__scn_id__": 0
  },
  "info": {
    "sol_time": 0.002968311309814453,
    "check_msgs": []
  }
}