{
  "sol": {
    "z": 2.1708802187354985,
    "tours": [
      [
        0,
        3,
        2,
        4,
        1
      ]
    ]
  },
  "params": {
    "gm": [
      [
        0.0,
        1.0173058995766158,
        0.30032899981726924,
        0.031112473568884823,
        0.8453483803204028,
        0.8867579306725267,
        0.33348760362832,
        0.38535968577348534,
        0.30570579191546604,
        0.9017944325141428
      ],
      [
        1.0173058995766158,
        0.0,
        0.7455934799725744,
        1.044393332096182,
        0.23752750229200398,
        0.2973243574974484,
        0.7319155512083586,
        0.8115239111662426,
        0.7993743583101633,
        0.8475903153484475
      ],
      [
        0.30032899981726924,
        0.7455934799725744,
        0.0,
        0.3311267642373798,
        0.5538075790606142,
        0.6737598169070459,
        0.25565039028387454,
        0.1783864298001321,
        0.30050437545726466,
        0.8648691851128473
      ],
      [
        0.031112473568884823,
        1.044393332096182,
        0.3311267642373798,
        0.0,
        0.8746922573519226,
        0.9086215377017692,
        0.3519238733226887,
        0.4150477402761979,
        0.318663656308879,
        0.9067060421578765
      ],
      [
        0.8453483803204028,
        0.23752750229200398,
        0.5538075790606142,
        0.8746922573519226,
        0.0,
        0.3961921461283662,
        0.6081380712439495,
        0.5904288495135147,
        0.6811160696918251,
        0.9028714308011402
      ],
      [
        0.8867579306725267,
        0.2973243574974484,
        0.6737598169070459,
        0.9086215377017692,
        0.3961921461283662,
        0.0,
        0.5608914986234352,
        0.7980149144071319,
        0.6139316148910097,
        0.5503125714738321
      ],
      [
        0.33348760362832,
        0.7319155512083586,
        0.25565039028387454,
        0.3519238733226887,
        0.6081380712439495,
        0.5608914986234352,
        0.0,
        0.43393887811469,
        0.07346074074623261,
        0.6199495170067126
      ],
      [
        0.38535968577348534,
        0.8115239111662426,
        0.1783864298001321,
        0.4150477402761979,
        0.5904288495135147,
        0.7980149144071319,
        0.43393887811469,
        0.0,
        0.4753009491078813,
        1.040254032567196
      ],
      [
        0.30570579191546604,
        0.7993743583101633,
        0.30050437545726466,
        0.318663656308879,
        0.6811160696918251,
        0.6139316148910097,
        0.07346074074623261,
        0.4753009491078813,
        0.0,
        0.6094443246889295
      ],
      [
        0.9017944325141428,
        0.8475903153484475,
        0.8648691851128473,
        0.9067060421578765,
        0.9028714308011402,
        0.5503125714738321,
        0.6199495170067126,
        1.040254032567196,
        0.6094443246889295,
        0.0
      ]
    ],
    "gc": [
      [
        true,
        false,
        false,
        true,
        false,
        false,
        false,
        false,
        false,
        false
      ],
      [
        false,
        true,
        false,
        false,
        false,
        false,
        false,
        false,
        false,
        false
      ],
      [
        false,
        false,
        true,
        false,
        false,
        false,
        true,
        false,
        false,
        false
      ],
      [
        true,
        false,
        false,
        true,
        false,
        false,
        false,
        false,
        false,
        false
      ],
      [
        false,
        false,
        false,
        false,
        true,
        false,
        false,
        false,
        false,
        false
      ],
      [
        false,
        false,
        false,
        false,
        false,
        true,
        false,
        false,
        false,
        false
      ],
      [
        false,
        false,
        true,
        false,
        false,
        false,
        true,
        false,
        false,
        false
      ],
      [
        false,
        false,
        false,
        false,
        false,
        false,
        false,
        true,
        false,
        false
      ],
      [
        false,
        false,
        false,
        false,
        false,
        false,
        false,
        false,
        true,
        false
      ],
      [
        false,
        false,
        false,
        false,
        false,
        false,
        false,
        false,
        false,
        true
      ]
    ],
    "vs": [
      true,
      true,
      true,
      true,
      true,
      false,
      false,
      false,
      false,
      false
    ],
    "b": 9,
    "r": 1,
    "n": 10,
    "__rnd_id__": 3,
    "__scn_id__": 0
  },
  "info": {
    "sol_time": 0.0031719207763671875,
    "check_msgs": []
  }
}