{
  "sol": {
    "z": 1.6338489832922238,
    "tours": [
      [
        0,
        4,
        1,
        2,
        3
      ]
    ]
  },
  "params": {
    "gm": [
      [
        0.0,
        0.5896743288903631,
        0.760718671231871,
        0.08971554029832017,
        0.21878682774726524,
        0.7317707379518139,
        0.3009354344876678,
        0.3095897698979742,
        0.6737194452474359,
        0.4572227318402919
      ],
      [
        0.5896743288903631,
        0.0,
        0.18936408784569578,
        0.5972187466641236,
        0.38009069195567585,
        0.2351986990930486,
        0.3259981377666496,
        0.7164256975069357,
        0.2611123896187771,
        0.701461756738326
      ],
      [
        0.760718671231871,
        0.18936408784569578,
        0.0,
        0.7558918354452668,
        0.5605869190841766,
        0.30346077111842523,
        0.5135143591489374,
        0.9054229442766505,
        0.37565491830246917,
        0.7881850721607052
      ],
      [
        0.08971554029832017,
        0.5972187466641236,
        0.7558918354452668,
        0.0,
        0.2554768344078612,
        0.7626883646283406,
        0.34369541122083846,
        0.39790735561021606,
        0.7137181778264537,
        0.36843161921540457
      ],
      [
        0.21878682774726524,
        0.38009069195567585,
        0.5605869190841766,
        0.2554768344078612,
        0.0,
        0.5134440203264277,
        0.08858242618564151,
        0.3719029218572321,
        0.45919718635014706,
        0.5284067666785515
      ],
      [
        0.7317707379518139,
        0.2351986990930486,
        0.30346077111842523,
        0.7626883646283406,
        0.5134440203264277,
        0.0,
        0.43226736020379236,
        0.7672768967575395,
        0.09574306905298015,
        0.9247158311100251
      ],
      [
        0.3009354344876678,
        0.3259981377666496,
        0.5135143591489374,
        0.34369541122083846,
        0.08858242618564151,
        0.43226736020379236,
        0.0,
        0.39375339317953045,
        0.37308997887786993,
        0.6043778087307689
      ],
      [
        0.3095897698979742,
        0.7164256975069357,
        0.9054229442766505,
        0.39790735561021606,
        0.3719029218572321,
        0.7672768967575395,
        0.39375339317953045,
        0.0,
        0.6824721019789524,
        0.7663370585785596
      ],
      [
        0.6737194452474359,
        0.2611123896187771,
        0.37565491830246917,
        0.7137181778264537,
        0.45919718635014706,
        0.09574306905298015,
        0.37308997887786993,
        0.6824721019789524,
        0.0,
        0.9110043876234398
      ],
      [
        0.4572227318402919,
        0.701461756738326,
        0.7881850721607052,
        0.36843161921540457,
        0.5284067666785515,
        0.9247158311100251,
        0.6043778087307689,
        0.7663370585785596,
        0.9110043876234398,
        0.0
      ]
    ],
    "gc": [
      [
        true,
        false,
        false,
        true,
        true,
        false,
        false,
        false,
        false,
        false
      ],
      [
        false,
        true,
        true,
        false,
        false,
        true,
        false,
        false,
        true,
        false
      ],
      [
        false,
        true,
        true,
        false,
        false,
        false,
        false,
        false,
        false,
        false
      ],
      [
        true,
        false,
        false,
        true,
        true,
        false,
        false,
        false,
        false,
        false
      ],
      [
        true,
        false,
        false,
        true,
        true,
        false,
        true,
        false,
        false,
        false
      ],
      [
        false,
        true,
        false,
        false,
        false,
        true,
        false,
        false,
        true,
        false
      ],
      [
        false,
        false,
        false,
        false,
        true,
        false,
        true,
        false,
        false,
        false
      ],
      [
        false,
        false,
        false,
        false,
        false,
        false,
        false,
        true,
        false,
        false
      ],
      [
        false,
        true,
        false,
        false,
        false,
        true,
        false,
        false,
        true,
        false
      ],
      [
        false,
        false,
        false,
        false,
        false,
        false,
        false,
        false,
        false,
        true
      ]
    ],
    "vs": [
      true,
      true,
      true,
      true,
      true,
      false,
      false,
      false,
      false,
      false
    ],
    "b": 9,
    "r": 1,
    "n": 10,
    "__rnd_id__": 6,
    "__scn_id__": 0
  },
  "info": {
    "sol_time": 0.002956867218017578,
    "check_msgs": []
  }
}