{
  "sol": {
    "z": 0.830537021126363,
    "tours": [
      [
        0,
        2
      ],
      [
        1,
        4,
        3
      ]
    ]
  },
  "params": {
    "gm": [
      [
        0.0,
        0.48563047538987625,
        0.03643075058653333,
        0.35874431249795896,
        0.6435438313857937,
        0.2023518838997601,
        0.35933614722342283,
        0.5553665646163649,
        0.5147209823352453,
        0.2844192531647278
      ],
      [
        0.48563047538987625,
        0.0,
        0.497079025140355,
        0.19215111415999045,
        0.22482348005463734,
        0.32931334275221785,
        0.5727806899460232,
        0.2161892640885386,
        0.7883256205626488,
        0.6511802027663788
      ],
      [
        0.03643075058653333,
        0.497079025140355,
        0.0,
        0.3582931310324693,
        0.6639566138390532,
        0.19624180610442074,
        0.3952416324524521,
        0.5789915984759836,
        0.5464975198102254,
        0.24826276926878857
      ],
      [
        0.35874431249795896,
        0.19215111415999045,
        0.3582931310324693,
        0.0,
        0.4135624269117352,
        0.1649435337336344,
        0.5652442953846497,
        0.37943742716189477,
        0.7742681650604447,
        0.46913998621373676
      ],
      [
        0.6435438313857937,
        0.22482348005463734,
        0.6639566138390532,
        0.4135624269117352,
        0.0,
        0.5284348836141223,
        0.6050647402403938,
        0.10976059248233701,
        0.8064246833000456,
        0.8526319196785256
      ],
      [
        0.2023518838997601,
        0.32931334275221785,
        0.19624180610442074,
        0.1649435337336344,
        0.5284348836141223,
        0.0,
        0.48118940056212084,
        0.4654327605675684,
        0.6732672713240266,
        0.3246423434183897
      ],
      [
        0.35933614722342283,
        0.5727806899460232,
        0.3952416324524521,
        0.5652442953846497,
        0.6050647402403938,
        0.48118940056212084,
        0.0,
        0.4953055280178027,
        0.2157104971672536,
        0.6369504719870872
      ],
      [
        0.5553665646163649,
        0.2161892640885386,
        0.5789915984759836,
        0.37943742716189477,
        0.10976059248233701,
        0.4654327605675684,
        0.4953055280178027,
        0.0,
        0.6973805084215581,
        0.784200638824823
      ],
      [
        0.5147209823352453,
        0.7883256205626488,
        0.5464975198102254,
        0.7742681650604447,
        0.8064246833000456,
        0.6732672713240266,
        0.2157104971672536,
        0.6973805084215581,
        0.0,
        0.7617081409016039
      ],
      [
        0.2844192531647278,
        0.6511802027663788,
        0.24826276926878857,
        0.46913998621373676,
        0.8526319196785256,
        0.3246423434183897,
        0.6369504719870872,
        0.784200638824823,
        0.7617081409016039,
        0.0
      ]
    ],
    "gc": [
      [
        true,
        false,
        true,
        false,
        false,
        true,
        false,
        false,
        false,
        true
      ],
      [
        false,
        true,
        false,
        true,
        true,
        false,
        false,
        false,
        false,
        false
      ],
      [
        true,
        false,
        true,
        false,
        false,
        true,
        false,
        false,
        false,
        true
      ],
      [
        false,
        true,
        false,
        true,
        false,
        false,
        false,
        false,
        false,
        false
      ],
      [
        false,
        true,
        false,
        false,
        true,
        false,
        false,
        true,
        false,
        false
      ],
      [
        true,
        false,
        true,
        false,
        false,
        true,
        false,
        false,
        false,
        false
      ],
      [
        false,
        false,
        false,
        false,
        false,
        false,
        true,
        false,
        false,
        false
      ],
      [
        false,
        false,
        false,
        false,
        true,
        false,
        false,
        true,
        false,
        false
      ],
      [
        false,
        false,
        false,
        false,
        false,
        false,
        false,
        false,
        true,
        false
      ],
      [
        true,
        false,
        true,
        false,
        false,
        false,
        false,
        false,
        false,
        true
      ]
    ],
    "vs": [
      true,
      true,
      true,
      true,
      true,
      false,
      false,
      false,
      false,
      false
    ],
    "b": 9,
    "r": 2,
    "n": 10,
    "__rnd_id__": 9,
    "__scn_id__": 0
  },
  "info": {
    "sol_time": 0.0028777122497558594,
    "check_msgs": []
  }
}