{
  "sol": {
    "z": 1.923565904023721,
    "tours": [
      [
        0,
        4,
        2,
        1,
        3,
        7
      ]
    ]
  },
  "params": {
    "gm": [
      [
        0.0,
        0.2714152319303022,
        0.2669432574296036,
        0.647614136443981,
        0.03178145970248931,
        0.3816331888959792,
        0.346551856569984,
        0.4823802461653625,
        0.6407150943222545,
        0.7195452598286267
      ],
      [
        0.2714152319303022,
        0.0,
        0.21687054797104388,
        0.3996170904304269,
        0.2607272951826174,
        0.21197768473209677,
        0.18461012969419902,
        0.316988341206023,
        0.38756146385328455,
        0.5219343206373278
      ],
      [
        0.2669432574296036,
        0.21687054797104388,
        0.0,
        0.4338952043770698,
        0.2372542535672798,
        0.1411990264428974,
        0.39670350554924905,
        0.5333799557483557,
        0.4352887176111298,
        0.735186992018238
      ],
      [
        0.647614136443981,
        0.3996170904304269,
        0.4338952043770698,
        0.0,
        0.6270737926586599,
        0.2929112858514442,
        0.5034627452036354,
        0.5556623061871184,
        0.026695426142394372,
        0.6212866057051725
      ],
      [
        0.03178145970248931,
        0.2607272951826174,
        0.2372542535672798,
        0.6270737926586599,
        0.0,
        0.3558900350059948,
        0.35295999691234353,
        0.4917342333372922,
        0.6211830268284139,
        0.7270329072871996
      ],
      [
        0.3816331888959792,
        0.21197768473209677,
        0.1411990264428974,
        0.2929112858514442,
        0.3558900350059948,
        0.0,
        0.3901828393614874,
        0.5074472771444737,
        0.2952758588399153,
        0.6759774876454983
      ],
      [
        0.346551856569984,
        0.18461012969419902,
        0.39670350554924905,
        0.5034627452036354,
        0.35295999691234353,
        0.3901828393614874,
        0.0,
        0.14295950811964142,
        0.483902320840159,
        0.3741206304597818
      ],
      [
        0.4823802461653625,
        0.316988341206023,
        0.5333799557483557,
        0.5556623061871184,
        0.4917342333372922,
        0.5074472771444737,
        0.14295950811964142,
        0.0,
        0.5321002402553762,
        0.23905914822059735
      ],
      [
        0.6407150943222545,
        0.38756146385328455,
        0.4352887176111298,
        0.026695426142394372,
        0.6211830268284139,
        0.2952758588399153,
        0.483902320840159,
        0.5321002402553762,
        0.0,
        0.5946899590812303
      ],
      [
        0.7195452598286267,
        0.5219343206373278,
        0.735186992018238,
        0.6212866057051725,
        0.7270329072871996,
        0.6759774876454983,
        0.3741206304597818,
        0.23905914822059735,
        0.5946899590812303,
        0.0
      ]
    ],
    "gc": [
      [
        true,
        true,
        true,
        false,
        true,
        false,
        false,
        false,
        false,
        false
      ],
      [
        true,
        true,
        true,
        false,
        false,
        false,
        false,
        false,
        false,
        false
      ],
      [
        true,
        true,
        true,
        false,
        false,
        false,
        false,
        false,
        false,
        false
      ],
      [
        false,
        false,
        false,
        true,
        false,
        true,
        false,
        false,
        true,
        false
      ],
      [
        true,
        false,
        false,
        false,
        true,
        false,
        false,
        false,
        false,
        false
      ],
      [
        false,
        false,
        false,
        true,
        false,
        true,
        false,
        false,
        true,
        false
      ],
      [
        false,
        false,
        false,
        false,
        false,
        false,
        true,
        true,
        false,
        false
      ],
      [
        false,
        false,
        false,
        false,
        false,
        false,
        true,
        true,
        false,
        true
      ],
      [
        false,
        false,
        false,
        true,
        false,
        true,
        false,
        false,
        true,
        false
      ],
      [
        false,
        false,
        false,
        false,
        false,
        false,
        false,
        true,
        false,
        true
      ]
    ],
    "vs": [
      true,
      true,
      true,
      true,
      true,
      false,
      false,
      false,
      false,
      false
    ],
    "b": 9,
    "r": 1,
    "fselect_edge": "select_edge_min_gt",
    "n": 10,
    "__rnd_id__": 0,
    "__scn_id__": 0
  },
  "info": {
    "sol_time": 0.004506111145019531,
    "check_msgs": []
  }
}