{
  "sol": {
    "z": 1.251190695755845,
    "tours": [
      [
        0,
        4
      ],
      [
        1,
        5,
        3
      ],
      [
        2,
        6
      ]
    ]
  },
  "params": {
    "gm": [
      [
        0.0,
        0.9992776809204668,
        0.701519746342721,
        1.0660771048489492,
        0.43306425183992303,
        0.5235744188787016,
        0.46564514380888733,
        0.945127951399054,
        0.2992183261996648,
        0.22267932431935086
      ],
      [
        0.9992776809204668,
        0.0,
        0.9132279758116062,
        0.16576174193967816,
        0.5848389402661068,
        0.49227246856034834,
        0.6225731712690308,
        0.12115255197178738,
        0.7447108653179394,
        1.119698038047093
      ],
      [
        0.701519746342721,
        0.9132279758116062,
        0.0,
        0.8613379271387739,
        0.5323348248112196,
        0.7352914181761321,
        0.4159406996586216,
        0.9479435525049451,
        0.4885270249120379,
        0.9241945825802904
      ],
      [
        1.0660771048489492,
        0.16576174193967816,
        0.8613379271387739,
        0.0,
        0.6351105277577088,
        0.5931564852558183,
        0.6428578245700974,
        0.2858019587770439,
        0.7879041772697835,
        1.2102841495957999
      ],
      [
        0.43306425183992303,
        0.5848389402661068,
        0.5323348248112196,
        0.6351105277577088,
        0.0,
        0.2090425769343809,
        0.11726150028011498,
        0.5546280394279351,
        0.160312908595281,
        0.6015441445924159
      ],
      [
        0.5235744188787016,
        0.49227246856034834,
        0.7352914181761321,
        0.5931564852558183,
        0.2090425769343809,
        0.0,
        0.32053597959828756,
        0.4239300373991196,
        0.33631926813806706,
        0.6274633418067264
      ],
      [
        0.46564514380888733,
        0.6225731712690308,
        0.4159406996586216,
        0.6428578245700974,
        0.11726150028011498,
        0.32053597959828756,
        0.0,
        0.6138532717877945,
        0.16644076735282262,
        0.6600498585656546
      ],
      [
        0.945127951399054,
        0.12115255197178738,
        0.9479435525049451,
        0.2858019587770439,
        0.5546280394279351,
        0.4239300373991196,
        0.6138532717877945,
        0.0,
        0.7140063455835003,
        1.046191977158674
      ],
      [
        0.2992183261996648,
        0.7447108653179394,
        0.4885270249120379,
        0.7879041772697835,
        0.160312908595281,
        0.33631926813806706,
        0.16644076735282262,
        0.7140063455835003,
        0.0,
        0.49742565787527804
      ],
      [
        0.22267932431935086,
        1.119698038047093,
        0.9241945825802904,
        1.2102841495957999,
        0.6015441445924159,
        0.6274633418067264,
        0.6600498585656546,
        1.046191977158674,
        0.49742565787527804,
        0.0
      ]
    ],
    "gc": [
      [
        true,
        false,
        false,
        false,
        false,
        false,
        false,
        false,
        false,
        true
      ],
      [
        false,
        true,
        false,
        false,
        false,
        false,
        false,
        true,
        false,
        false
      ],
      [
        false,
        false,
        true,
        false,
        false,
        false,
        false,
        false,
        false,
        false
      ],
      [
        false,
        false,
        false,
        true,
        false,
        false,
        false,
        true,
        false,
        false
      ],
      [
        false,
        false,
        false,
        false,
        true,
        true,
        true,
        false,
        true,
        false
      ],
      [
        false,
        false,
        false,
        false,
        true,
        true,
        false,
        false,
        false,
        false
      ],
      [
        false,
        false,
        false,
        false,
        true,
        false,
        true,
        false,
        true,
        false
      ],
      [
        false,
        true,
        false,
        true,
        false,
        false,
        false,
        true,
        false,
        false
      ],
      [
        false,
        false,
        false,
        false,
        true,
        false,
        true,
        false,
        true,
        false
      ],
      [
        true,
        false,
        false,
        false,
        false,
        false,
        false,
        false,
        false,
        true
      ]
    ],
    "vs": [
      true,
      true,
      true,
      true,
      true,
      false,
      false,
      false,
      false,
      false
    ],
    "b": 9,
    "r": 3,
    "fselect_edge": "select_edge_min_gt",
    "n": 10,
    "__rnd_id__": 4,
    "__scn_id__": 0
  },
  "info": {
    "sol_time": 0.00584864616394043,
    "check_msgs": []
  }
}