{
  "sol": {
    "z": 1.0811151146185072,
    "tours": [
      [
        0,
        1
      ],
      [
        2,
        6,
        3
      ],
      [
        4,
        7
      ]
    ]
  },
  "params": {
    "gm": [
      [
        0.0,
        0.08107613133184267,
        0.32731714056313765,
        0.2622978886363512,
        1.0418394785106153,
        0.5515265853432215,
        0.5570999529453089,
        0.6457562255201212,
        0.24404148061026443,
        0.28742661074928605
      ],
      [
        0.08107613133184267,
        0.0,
        0.39411033363737263,
        0.2845503533404077,
        1.100424820174842,
        0.6310253148073502,
        0.5711128762219003,
        0.6762952657140294,
        0.3115733520470492,
        0.20643668947481567
      ],
      [
        0.32731714056313765,
        0.39411033363737263,
        0.0,
        0.22928233625392422,
        0.7179536503270468,
        0.29580345715410933,
        0.4038278709481791,
        0.41085228436703086,
        0.08328042474238773,
        0.5845729556959746
      ],
      [
        0.2622978886363512,
        0.2845503533404077,
        0.22928233625392422,
        0.0,
        0.8478385731417734,
        0.5249288358077033,
        0.29501788132975176,
        0.39188767167927985,
        0.18999109414482773,
        0.4208033878081626
      ],
      [
        1.0418394785106153,
        1.100424820174842,
        0.7179536503270468,
        0.8478385731417734,
        0.0,
        0.6536403569066577,
        0.701531010147257,
        0.5405575573092536,
        0.7999730035885383,
        1.2672690455365563
      ],
      [
        0.5515265853432215,
        0.6310253148073502,
        0.29580345715410933,
        0.5249288358077033,
        0.6536403569066577,
        0.0,
        0.6517447845454712,
        0.5956775601200791,
        0.3502590319126188,
        0.8361459945058343
      ],
      [
        0.5570999529453089,
        0.5711128762219003,
        0.4038278709481791,
        0.29501788132975176,
        0.701531010147257,
        0.6517447845454712,
        0.0,
        0.16186188906155635,
        0.4238075023025932,
        0.6619213989515425
      ],
      [
        0.6457562255201212,
        0.6762952657140294,
        0.41085228436703086,
        0.39188767167927985,
        0.5405575573092536,
        0.5956775601200791,
        0.16186188906155635,
        0.0,
        0.459442262980553,
        0.7956630475292422
      ],
      [
        0.24404148061026443,
        0.3115733520470492,
        0.08328042474238773,
        0.18999109414482773,
        0.7999730035885383,
        0.3502590319126188,
        0.4238075023025932,
        0.459442262980553,
        0.0,
        0.5051917400057523
      ],
      [
        0.28742661074928605,
        0.20643668947481567,
        0.5845729556959746,
        0.4208033878081626,
        1.2672690455365563,
        0.8361459945058343,
        0.6619213989515425,
        0.7956630475292422,
        0.5051917400057523,
        0.0
      ]
    ],
    "gc": [
      [
        true,
        true,
        false,
        true,
        false,
        false,
        false,
        false,
        true,
        true
      ],
      [
        true,
        true,
        false,
        true,
        false,
        false,
        false,
        false,
        false,
        false
      ],
      [
        false,
        false,
        true,
        false,
        false,
        true,
        false,
        false,
        true,
        false
      ],
      [
        true,
        true,
        false,
        true,
        false,
        false,
        true,
        false,
        true,
        false
      ],
      [
        false,
        false,
        false,
        false,
        true,
        false,
        false,
        false,
        false,
        false
      ],
      [
        false,
        false,
        true,
        false,
        false,
        true,
        false,
        false,
        false,
        false
      ],
      [
        false,
        false,
        false,
        true,
        false,
        false,
        true,
        true,
        false,
        false
      ],
      [
        false,
        false,
        false,
        false,
        false,
        false,
        true,
        true,
        false,
        false
      ],
      [
        true,
        false,
        true,
        true,
        false,
        false,
        false,
        false,
        true,
        false
      ],
      [
        true,
        false,
        false,
        false,
        false,
        false,
        false,
        false,
        false,
        true
      ]
    ],
    "vs": [
      true,
      true,
      true,
      true,
      true,
      false,
      false,
      false,
      false,
      false
    ],
    "b": 9,
    "r": 3,
    "fselect_edge": "select_edge_min_gt",
    "n": 10,
    "__rnd_id__": 5,
    "__scn_id__": 0
  },
  "info": {
    "sol_time": 0.015285491943359375,
    "check_msgs": []
  }
}