{
  "sol": {
    "z": 1.5238110352379453,
    "tours": [
      [
        0,
        5,
        4,
        2
      ],
      [
        1,
        7,
        3
      ]
    ]
  },
  "params": {
    "gm": [
      [
        0.0,
        0.871419131026322,
        0.5663752521883385,
        0.81310075644715,
        0.3475158148607363,
        0.19589242779742558,
        0.7828149317134144,
        0.4058587802936226,
        0.4882246181529963,
        0.6943573134448301
      ],
      [
        0.871419131026322,
        0.0,
        1.1769762212454529,
        0.08791951928171146,
        0.9580487616187014,
        0.7552848103676304,
        0.24049821942712807,
        0.4869230847436396,
        0.6718788896266625,
        1.3104021892241393
      ],
      [
        0.5663752521883385,
        1.1769762212454529,
        0.0,
        1.0942267834995765,
        0.24561450060994985,
        0.7498567991308973,
        0.9856210670613496,
        0.8530166864646157,
        0.5154314923205536,
        0.1397888573154512
      ],
      [
        0.81310075644715,
        0.08791951928171146,
        1.0942267834995765,
        0.0,
        0.8791669734604977,
        0.7117871316421361,
        0.1569696336057449,
        0.446167227712195,
        0.5863106346904806,
        1.226635424389309
      ],
      [
        0.3475158148607363,
        0.9580487616187014,
        0.24561450060994985,
        0.8791669734604977,
        0.0,
        0.5159288546422315,
        0.7877582033799825,
        0.6079411535854392,
        0.3362276870226443,
        0.3849524913690533
      ],
      [
        0.19589242779742558,
        0.7552848103676304,
        0.7498567991308973,
        0.7117871316421361,
        0.5159288546422315,
        0.0,
        0.7182304535283296,
        0.2683791994297793,
        0.5517276449197223,
        0.882237745605906
      ],
      [
        0.7828149317134144,
        0.24049821942712807,
        0.9856210670613496,
        0.1569696336057449,
        0.7877582033799825,
        0.7182304535283296,
        0.0,
        0.4728325741941435,
        0.47031927806478274,
        1.1128588660892977
      ],
      [
        0.4058587802936226,
        0.4869230847436396,
        0.8530166864646157,
        0.446167227712195,
        0.6079411535854392,
        0.2683791994297793,
        0.4728325741941435,
        0.0,
        0.47782006581687864,
        0.9926855682917936
      ],
      [
        0.4882246181529963,
        0.6718788896266625,
        0.5154314923205536,
        0.5863106346904806,
        0.3362276870226443,
        0.5517276449197223,
        0.47031927806478274,
        0.47782006581687864,
        0.0,
        0.6431367250061127
      ],
      [
        0.6943573134448301,
        1.3104021892241393,
        0.1397888573154512,
        1.226635424389309,
        0.3849524913690533,
        0.882237745605906,
        1.1128588660892977,
        0.9926855682917936,
        0.6431367250061127,
        0.0
      ]
    ],
    "gc": [
      [
        true,
        false,
        false,
        false,
        false,
        true,
        false,
        false,
        false,
        false
      ],
      [
        false,
        true,
        false,
        true,
        false,
        false,
        true,
        false,
        false,
        false
      ],
      [
        false,
        false,
        true,
        false,
        false,
        false,
        false,
        false,
        false,
        true
      ],
      [
        false,
        true,
        false,
        true,
        false,
        false,
        true,
        false,
        false,
        false
      ],
      [
        false,
        false,
        false,
        false,
        true,
        false,
        false,
        false,
        false,
        false
      ],
      [
        true,
        false,
        false,
        false,
        false,
        true,
        false,
        true,
        false,
        false
      ],
      [
        false,
        true,
        false,
        true,
        false,
        false,
        true,
        false,
        false,
        false
      ],
      [
        false,
        false,
        false,
        false,
        false,
        true,
        false,
        true,
        false,
        false
      ],
      [
        false,
        false,
        false,
        false,
        false,
        false,
        false,
        false,
        true,
        false
      ],
      [
        false,
        false,
        true,
        false,
        false,
        false,
        false,
        false,
        false,
        true
      ]
    ],
    "vs": [
      true,
      true,
      true,
      true,
      true,
      false,
      false,
      false,
      false,
      false
    ],
    "b": 9,
    "r": 2,
    "fselect_edge": "select_edge_min_gt",
    "n": 10,
    "__rnd_id__": 7,
    "__scn_id__": 0
  },
  "info": {
    "sol_time": 0.0044138431549072266,
    "check_msgs": []
  }
}